,id,投诉品牌,投诉车系,投诉车型,问题简述,典型问题,投诉时间,投诉状态
0,485773,吉利汽车,博越,2018款 1.8TD 自动 两驱 智尊型 4G互联版,吉利博越升级后Carplay消失4S店无升级包,"J300,O348,",2020-06-18,处理反馈
1,485771,吉利汽车,缤越,2019款 运动款 260T DCT Battle 国VI 运动款,吉利缤越中控异响 车机系统无法升级,"H93,L314,",2020-06-18,处理反馈
2,485770,一汽丰田,RAV4荣放,2019款 2.0L CVT 两驱 先锋版 国VI,一汽丰田RAV4荣放经销商不让报废车辆,"K325,",2020-06-18,信息审核
3,485768,上汽大众,朗逸,2017款 1.6L 手动 风尚版,上汽大众朗逸韩泰轮胎老化 排气管生锈,"F100,H30,",2020-06-18,信息审核
4,485767,东风风行,景逸X6,2017款 1.5T 手动 尊贵型 劲享系列,东风风行景逸X6方向偏右 安全气囊故障,"A24,D154,H103,",2020-06-18,处理反馈
5,485766,上汽通用五菱,五菱荣光小卡,2019款 1.5L 基本型 双排 L3C 国VI,上汽通用五菱荣光小卡漆面生锈掉漆,"H79,H81,",2020-06-18,处理反馈
6,485765,广汽本田,缤智,2017款 1.5L CVT 两驱 舒适型,广汽本田缤智低速踩油门抖动无动力输出,"B95,B334,",2020-06-18,信息审核
7,485759,北京现代,领动,2018款 1.6L 自动 15周年特别版,北京现代领动转向异响存在质量问题,"D59,",2020-06-18,信息审核
8,485756,一汽-大众,宝来,2017款 1.6L 手动 舒适型,一汽大众宝来后排座椅骨架严重生锈,"H79,",2020-06-18,处理反馈
9,485750,吉利汽车,嘉际,2019款 1.5TD MHEV DCT 耀享型,吉利嘉际备胎异常磨损 转向机漏油 内饰异响,"D58,H93,H68,H157,",2020-06-18,处理反馈
10,485749,北汽新能源,北汽新能源EU5,2018款 EU5 R500 智尚版,北汽新能源EU5喷漆质量差漆面鼓泡,"J303,",2020-06-18,用户评分
11,485748,一汽马自达,阿特兹,2020款 2.5L 蓝天运动版,一汽马自达阿特兹车身B柱中控和天窗异响,"H93,H15,H89,",2020-06-18,处理反馈
12,485747,吉利汽车,星越,2019款 改款 350T 耀星者,吉利星越氛围灯与宣传不符希望厂家处理问题,"M279,",2020-06-18,用户评分
13,485743,长安马自达,马自达3 昂克赛拉,2020款 2.0L 自动 质雅版,长安马自达昂克赛拉车门 顶棚 中控 刹车异响,"E43,H72,H93,H15,",2020-06-18,处理反馈
14,485742,上汽大众,朗逸,2019款 1.5L 自动 舒适版 国VI,上汽大众朗逸新车方向盘有破损的现象,"H168,",2020-06-18,信息审核
15,485740,上汽集团,名爵6,2018款 20T 自动 豪华智联版 国VI,上汽名爵6变速箱异响解决方案不认可,"B33,I295,I293,",2020-06-18,用户评分
16,485739,上汽通用五菱,五菱宏光,2014款 1.5L S 豪华型,上汽通用五菱宏光车门严重生锈要求处理,"H79,",2020-06-18,处理反馈
17,485737,一汽丰田,RAV4荣放,2020款 2.0L CVT 两驱 风尚版,一汽丰田RAV4荣放中控显示屏太大 像素太低,"H134,Q322,",2020-06-18,信息审核
18,485736,华晨中华,中华V3,2016款 1.5L 自动 智能型,华晨中华V3车门锁故障希望厂家处理,"H197,",2020-06-18,信息审核
19,485735,一汽马自达,阿特兹,2020款 2.0L 蓝天豪华版,一汽马自达阿特兹中控台异响 B柱异响,"H93,H15,",2020-06-18,用户评分
20,485733,吉利汽车,星越,2019款 350T 耀星者,吉利星越车机与宣传不符 销售人员不回信息,"I295,M279,",2020-06-18,用户评分
21,485732,奇瑞汽车,捷途X90,2019款 1.5T 自动 尊享型 6座 国V,奇瑞捷途X90导航无法更新 钥匙手环不索赔,"H21,H119,I295,I297,I294,",2020-06-18,处理反馈
22,485728,吉利汽车,星越,2019款 改款 300T 耀星者,吉利星越车机与厂商宣传不符要求升级,"M279,",2020-06-18,处理反馈
23,485725,吉利汽车,博越,2020款 1.8TD DCT 智尊PRO,吉利博越挡位灯和影音系统功能与宣传不符,"H134,M279,",2020-06-18,用户评分
24,485723,江淮汽车,嘉悦A5,2020款 1.5T CVT 超越型,江淮嘉悦A5发动机怠速转速高加速无力,"A163,A35,",2020-06-18,处理反馈
25,485722,长安马自达,马自达3 昂克赛拉,2020款 2.0L 自动 质雅版,长安马自达昂克赛拉转动方向盘时存在异响,"D59,",2020-06-18,处理反馈
26,485721,一汽马自达,马自达CX-4,2020款 2.0L 自动 两驱 蓝天活力版,一汽马自达CX-4车身多处异响厂家无法处理,"H15,I295,",2020-06-18,用户评分
27,485719,广汽菲克Jeep,大指挥官,2018款 2.0T 四驱 悦享版 国VI,广汽菲克Jeep大指挥官车辆减速时底盘异响,"G56,I295,J301,",2020-06-18,信息审核
28,485717,华晨宝马,宝马3系,2019款 320Li M运动曜夜版,华晨宝马3系后备箱处散发出刺鼻的异味,"H185,",2020-06-18,信息审核
29,485716,长城汽车,炮,2019款 2.0T 商用版 手动 两驱 精英型 长箱 GW4D20M 柴油,长城炮空调不制冷 售后维修无配件,"H101,N318,",2020-06-18,处理反馈
0,486459,吉利汽车,远景,2016款 1.5L 自动 幸福版,吉利远景挂倒挡时不踩油门车辆无法移动,"B334,",2020-06-20,信息审核
1,486442,上汽大众,途观,2012款 1.4TSI 手动 两驱 都会版,上汽大众途观4S店用外采件充当原装配件,"N319,",2020-06-20,信息审核
2,486386,东风雪铁龙,雪铁龙C4L,2014款 1.6THP 自动 智驱版 劲智型,东风雪铁龙C4L发动机正时链条套件故障,"A45,",2020-06-20,信息审核
3,486385,星途,星途LX,2019款 1.6T 星睿版,星途LX发动机与变速箱连接处漏油,"A12,B22,",2020-06-20,信息审核
4,486383,吉利汽车,缤越,2019款 260T DCT 骑士 国V,吉利缤越门窗漏风 车机版本老旧,"H144,L314,",2020-06-20,信息审核
5,486379,长安马自达,马自达3 昂克赛拉,2017款 2.0L 自动 旗舰型 三厢 国V,长安马自达昂克赛拉后视镜自动折叠功能失灵,"H211,",2020-06-20,信息审核
6,486378,野马汽车,野马T70,2016款 1.5T 手动 豪华型 升级版,野马T70倒车影像不显示黑屏厂家无配件,"H134,N318,",2020-06-20,信息审核
7,486377,广汽讴歌,讴歌CDX,2019款 1.5T 两驱 尊享版,广汽讴歌CDX变速箱顿挫车顶钢板太软,"B19,Q322,",2020-06-20,信息审核
8,486376,奇瑞汽车,艾瑞泽5,2017款 1.5L 手动 领潮版,奇瑞艾瑞泽5空调制冷效果差存在质量问题,"H101,",2020-06-20,信息审核
9,486375,广汽本田,缤智,2020款 1.5L CVT 先锋版,广汽本田缤智优科豪马轮胎漏气售后不予质保,"F41,",2020-06-20,信息审核
10,486372,上汽通用五菱,新宝骏RS-5,2019款 1.5T CVT 智能驾控豪华版 国V,新宝骏RS-5玲珑轮胎龟裂 起皮严重,"F100,F186,",2020-06-20,信息审核
11,486368,东南汽车,东南DX3,2018款 1.5L 手动 尊贵型,东南DX3离合器异响4S店维修后未解决,"C65,",2020-06-20,信息审核
12,486361,东风悦达起亚,凯绅,2019款 1.8L 自动 GLS,东风悦达起亚凯绅后备箱盖生锈严重,"H79,",2020-06-20,信息审核
13,486353,吉利汽车,星越,2019款 350T 暗夜骑士限量版,吉利星越车机与宣传不符 中控台异响,"H93,M279,",2020-06-20,信息审核
14,486352,长安马自达,马自达3 昂克赛拉,2016款 1.5L 自动 豪华型 三厢,长安马自达昂克赛拉中控导航屏幕无故脱胶,"H134,H168,",2020-06-20,信息审核
15,486351,长安汽车,长安CS55 PLUS,2020款 1.5T 自动 炫色型,长安CS55 PLUS起步3100转换挡 悬挂异响,"B69,G204,",2020-06-20,信息审核
16,486350,东风启辰,启辰D60,2019款 十万荣耀 1.6L Entry 手动 辰尚版 国VI,启辰D60后轮眉位置掉漆生锈存在质量问题,"H79,H81,",2020-06-20,信息审核
17,486349,吉利汽车,博越,2018款 1.8TD 自动 两驱 智联型 4G互联版,吉利博越刹车异响变速箱挂挡顿挫严重,"B19,E43,",2020-06-20,信息审核
18,486347,华晨宝马,宝马3系,2017款 320i M 运动型,宝马3系冷却液水管断裂发动机高温报警,"A37,A191,H168,",2020-06-20,信息审核
19,486342,吉利汽车,博越,2018款 1.8TD 自动 两驱 智联型 4G互联版,吉利博越手机APP无法控制车窗及定位,"H155,",2020-06-20,信息审核
20,486341,众泰汽车,众泰SR9,2017款 2.0T 自动 极致之梦版,众泰SR9行驶中变速箱异响挂挡无法行驶,"B33,B334,",2020-06-20,信息审核
21,486339,上汽大众,朗逸,2019款 280TSI DSG 舒适版 国VI,上汽大众朗逸刹车异响 变速箱异响,"B33,E43,",2020-06-20,信息审核
22,486336,上汽大众,朗逸,2018款 280TSI DSG豪华版 两厢 国V,上汽大众朗逸轮毂氧化售后不予质保,"H243,",2020-06-20,信息审核
23,486335,一汽-大众,探岳,2019款 380TSI 四驱 R-Line 国VI,一汽大众探岳大灯亮度不够透镜上有指纹,"H82,H60,",2020-06-20,处理反馈
24,486332,沃尔沃亚太,沃尔沃S60新能源,2015款 2.0T 智越版 E驱混动,沃尔沃S60新能源召回后空调问题频发,"H101,",2020-06-20,信息审核
25,486329,一汽-大众,速腾,2019款 200TSI 手动 舒适型 国VI,一汽大众速腾一挡起步时转速自动升高,"A35,",2020-06-20,信息审核
26,486328,上汽集团,名爵HS,2019款 30T 自动 两驱 Trophy超燃版 国VI,上汽名爵HS发动机排放故障频发 动力消失,"A34,A255,B96,",2020-06-20,厂家受理
27,486327,吉利汽车,帝豪GS,2018款 1.4T 自动 领潮版 领尚智联型,吉利帝豪GS 4S店私自收回购车合同,"K309,L313,",2020-06-20,信息审核
28,486321,上汽大众,途观L,2017款 330TSI 两驱 豪华版,上汽大众途观L车身共振影响驾驶安全,"H268,",2020-06-20,信息审核
29,486318,广汽丰田,凯美瑞,2015款 2.0G 自动 领先版,广汽丰田凯美瑞左前半轴有漏油现象,"G51,",2020-06-20,信息审核
0,486314,奥迪（进口）,奥迪A1,2014款 30 TFSI Sportback 时尚型,进口奥迪A1变速箱机电单元故障引起故障灯亮,"B96,B84,",2020-06-20,信息审核
1,486312,Jeep（进口）,指南者（进口）,2014款 2.4L 自动 四驱 舒适版 改款,进口Jeep指南者隔音棉问题导致车内异味,"H185,",2020-06-20,信息审核
2,486311,一汽-大众,迈腾,2017款 330TSI DSG 豪华型,一汽大众迈腾行驶中变速箱报警 挡位缺失,"B19,B96,B84,",2020-06-20,处理反馈
3,486308,吉利汽车,嘉际,2019款 1.5TD MHEV DCT 尊享型,吉利嘉际尊享版和高配氛围灯虚假宣传,"M279,",2020-06-20,信息审核
4,486304,北汽新能源,北汽新能源EU5,2018款 EU5 R500 智尚版,北汽新能源EU5行驶时变速箱脱挡无法挂挡,"B20,B246,",2020-06-20,信息审核
5,486302,猎豹汽车,猎豹CS10,2017款 2.0T 手动 风尚型,猎豹CS10转向时异响并且卡顿 刹车抖动,"D59,D123,E111,",2020-06-20,信息审核
6,486298,一汽-大众,速腾,2018款 280TSI DSG熠动版,一汽大众速腾顶棚鼓包 大灯进雾 刹车盘生锈,"E42,H168,H88,",2020-06-20,处理反馈
7,486297,广汽本田,雅阁,2005款 2.4 自动 标准版,广汽本田雅阁吊拉设计的前悬挂存在安全隐患,"Q322,",2020-06-20,信息审核
8,486296,北京奔驰,奔驰C级,2016款 200 L 运动型,北京奔驰C级空调系统无法调节温度影响使用,"H101,",2020-06-20,信息审核
9,486293,奇瑞汽车,艾瑞泽5,2016款 1.5L CVT 领臻版,奇瑞艾瑞泽5发动机生锈4S店不予解决,"A247,",2020-06-20,信息审核
10,486288,吉利汽车,星越,2019款 改款 350T 驭星者AWD,吉利星越实车多项配置与厂家宣传不符	,"M279,",2020-06-20,信息审核
11,486287,长安马自达,马自达3 昂克赛拉,2020款 2.0L 自动 质雅版,长安马自达昂克赛拉新车车门出现下沉,"H149,",2020-06-20,信息审核
12,486286,吉利汽车,帝豪,2018款 1.5L 手动 豪华型,吉利帝豪发动机油耗高一直未解决,"A85,",2020-06-20,信息审核
13,486283,长安汽车,长安CS75 PLUS,2020款 1.5T 自动 豪华型,长安CS75 PLUS车载微信缺失与宣传不符,"M279,",2020-06-20,处理反馈
14,486280,东风悦达起亚,智跑,2018款 2.0L 自动 智享豪华版,东风悦达起亚智跑发动机盖漆面开裂脱落,"H81,",2020-06-20,信息审核
15,486279,广汽丰田,雷凌,2019款 185T CVT 运动版 国VI,广汽丰田雷凌变速箱换挡顿挫 转向异响,"B19,D59,",2020-06-20,信息审核
16,486277,上汽通用五菱,宝骏360,2018款 1.5L 手动 精英型 国V,宝骏360更换的挡风玻璃漏水漏风4S店不解决,"I295,J303,",2020-06-20,信息审核
17,486274,长安汽车,锐程CC,2020款 1.5T 自动 潮锐型,长安锐程CC行驶中突然熄火要求处理,"A14,",2020-06-20,厂家受理
18,486271,东风标致,标致408,2014款 1.8L 自动 豪华版,东风标致408发动机故障灯亮烧机油空调异响,"A34,A63,H101,",2020-06-20,信息审核
19,486270,广汽丰田,雷凌,2017款 185T CVT 精英版 国V 改款,广汽丰田雷凌后减震器出现漏油的现象,"G25,",2020-06-20,信息审核
20,486268,长安马自达,马自达3 昂克赛拉,2020款 2.0L 自动 质雅版,长安马自达昂克赛拉方向盘锁死故障灯亮,"D123,D265,D291,",2020-06-20,信息审核
21,486267,一汽红旗,红旗HS7,2019款 3.0T 自动 四驱 旗悦版,红旗HS7换挡机构故障导致P挡挂不上,"B184,",2020-06-20,信息审核
22,486266,一汽-大众,速腾,2019款 280TSI DSG 舒适型 国VI,一汽大众速腾升降挡时变速箱异响严重,"B33,",2020-06-20,处理反馈
23,486262,广汽三菱,劲炫ASX,2018款 2.0L CVT 两驱 智橙版,广汽三菱劲炫触摸屏死机厂家未回复,"H134,",2020-06-20,厂家受理
24,486261,比亚迪,比亚迪e2,2019款 400出行版,比亚迪e2下雨天前挡风玻璃上的雾气无法吹干,"H101,",2020-06-20,处理反馈
25,486260,上汽大众,凌渡,2017款 230TSI 手动 风尚版,上汽大众凌渡一键升降失灵销售不管售后问题,"H67,I295,",2020-06-20,信息审核
26,486257,江铃汽车,域虎3,2018款 2.5T 四驱 进取版 长轴距 柴油,江铃域虎3底盘异响 SVS故障灯亮,"A34,G56,",2020-06-20,信息审核
27,486255,东风日产,骐达TIIDA,2020款 1.6L CVT 智行版,东风日产骐达减震器漏油售后服务态度差,"G25,I293,",2020-06-20,处理反馈
28,486254,上汽大众,朗逸,2019款 1.5L 自动 舒适版 国VI,上汽大众朗逸发动机存在金属撞击声,"A9,",2020-06-20,信息审核
29,486252,上汽集团,名爵6,2019款 20T 自动 运动版,上汽名爵6保养后异响且存在汽油味,"A9,J300,",2020-06-20,厂家受理
0,486251,一汽-大众,宝来,2019款 1.5L 手动 舒适型,一汽大众宝来发动机故障灯亮 离合器异响,"A34,C65,",2020-06-20,处理反馈
1,486250,吉利汽车,缤瑞,2019款 200T DCT 缤驰版,吉利缤瑞变速箱油封损坏导致漏油,"B22,",2020-06-20,信息审核
2,486249,吉利汽车,缤越,2019款 运动款 260T DCT Battle 国VI 运动款,吉利缤越厂家涉嫌欺诈不予升级车机系统,"E43,H168,L314,M284,",2020-06-20,信息审核
3,486248,广汽丰田,凯美瑞,2018款 2.0G 自动 豪华版,广汽丰田凯美瑞正常行驶中天窗异响,"H89,",2020-06-20,信息审核
4,486246,北京现代,领动,2016款 1.6L 自动 智炫・精英型,北京现代领动转向异响并且明显卡顿,"D59,D123,",2020-06-20,信息审核
5,486244,一汽-大众,探岳,2019款 330TSI 两驱 豪华型 国Ⅵ,一汽大众探岳大灯透镜出现白雾水珠亮度不够,"H82,",2020-06-20,信息审核
6,486242,一汽-大众,探岳,2019款 征途版 280TSI 两驱 豪华型 国Ⅵ,一汽大众探岳大灯白内障模糊不清存在隐患,"H82,",2020-06-19,处理反馈
7,486241,上汽大众,途观L,2018款 330TSI 自动 两驱 豪华版,上汽大众途观L左后轮偏磨吃胎 四缸漏油,"A12,G245,",2020-06-19,信息审核
8,486240,长安马自达,马自达3 昂克赛拉,2016款 1.5L 自动 舒适型 三厢,长安马自达昂克赛拉行驶过程中空调不制冷,"H101,",2020-06-19,信息审核
9,486239,吉利汽车,缤越,2019款 260T DCT Battle 运动款 国V,吉利缤越导航无法定位 倒车镜风噪大,"H155,H211,L314,",2020-06-19,信息审核
10,486237,东风本田,本田CR-V,2017款 240TURBO 自动 两驱 都市版,东风本田CR-V变速箱渗油希望尽快解决,"B22,",2020-06-19,处理反馈
11,486235,吉利汽车,博瑞,2020款 1.5T MHEV 耀享版,吉利博瑞旧车置换补贴款承诺不兑现,"L313,",2020-06-19,信息审核
12,486234,吉利汽车,博越,2020款 1.8TD DCT 智尊PRO,吉利博越原地打方向异响 无挡位灯及雾灯,"D59,M279,",2020-06-19,信息审核
13,486233,一汽-大众,迈腾,2019款 330TSI DSG 领先型 国V,一汽大众迈腾低速加速时变速箱存在口哨声,"B33,",2020-06-19,信息审核
14,486232,观致汽车,观致5,2018款 1.6T 自动 尊贵型,观致5换挡逻辑混乱且变速箱脱挡,"B246,B69,",2020-06-19,信息审核
15,486227,一汽-大众,高尔夫・嘉旅,2016款 1.6L 自动 舒适型,一汽大众高尔夫嘉旅变速箱故障灯亮,"B96,",2020-06-19,处理反馈
16,486224,北京奔驰,奔驰C级,2020款 C 260 运动版,北京奔驰C级韩泰轮胎容易鼓包破损,"F39,",2020-06-19,信息审核
17,486222,一汽-大众奥迪,奥迪Q2L,2020款 35TFSI 时尚动感型,一汽大众奥迪Q2L变速箱异响要求解决,"B33,",2020-06-19,信息审核
18,486221,上汽大众,朗逸,2013款 1.6L 自动 经典风尚版,上汽大众朗逸车内异味严重无法解决,"H185,",2020-06-19,信息审核
19,486220,一汽-大众,探岳,2020款 330TSI 两驱 豪华智联版Pro,一汽大众探岳车灯进水干燥后有水印,"H88,",2020-06-19,处理反馈
20,486218,Jeep（进口）,指南者（进口）,2014款 2.0L 自动 两驱 运动版,进口Jeep指南者车内异味严重无法散去,"H185,",2020-06-19,信息审核
21,486215,广汽本田,皓影,2020款 240TURBO CVT 两驱 豪华版,广汽本田皓影销售承诺不兑现 不给合同	,"I293,L313,O353,",2020-06-19,信息审核
22,486214,东风雪铁龙,雪铁龙C4L,2014款 1.6THP 自动 智驱版 劲智型,东风雪铁龙C4L发动机漏油 漏防冻液,"A12,A37,",2020-06-19,信息审核
23,486213,领克汽车,领克03,2019款 2.0TD 自动 劲Pro版,领克03故障灯亮 4S店错误判断维修,"A34,J303,",2020-06-19,信息审核
24,486208,路虎进口,揽胜星脉,2019款 250PS R-DYNAMIC S,路虎揽胜星脉颠簸路车内低频共鸣压耳,"H268,",2020-06-19,信息审核
25,486206,吉利汽车,星越,2020款 350T 驭星者AWD,吉利星越车机系统存在虚假宣传 空调异味,"H121,M279,",2020-06-19,信息审核
26,486200,一汽-大众,宝来,2019款 1.5L 自动 舒适型,一汽大众宝来行驶中有晃动跳动现象,"G162,",2020-06-19,处理反馈
27,486194,一汽-大众,速腾,2014款 1.4TSI 自动 时尚型,一汽大众速腾前挡风玻璃自然开裂,"H113,",2020-06-19,信息审核
28,486191,广汽本田,缤智,2020款 1.5L CVT 先锋版,广汽本田缤智油箱口附近漆面脱落,"H81,",2020-06-19,信息审核
29,486190,吉利汽车,缤越,2019款 260T DCT 骑士 国V,吉利缤越4S店喷漆质量差导致起泡,"J303,",2020-06-19,信息审核
0,486188,东风雪铁龙,世嘉,2011款 1.6 自动 时尚型 三厢,东风雪铁龙世嘉3挡锁死提示变速箱故障,"B96,B84,",2020-06-19,信息审核
1,486187,东风标致,标致408,2016款 1.6T 自动 豪华版,东风标致408四个轮毂不同程度氧化,"H243,",2020-06-19,信息审核
2,486186,上汽大众,朗逸,2019款 280TSI DSG 舒适版 国VI,上汽大众朗逸前挡风玻璃无故开裂,"H113,",2020-06-19,信息审核
3,486185,一汽-大众,探岳,2019款 330TSI 两驱 豪华型 国V,一汽大众探岳大灯里面有雾气不予解决,"H88,",2020-06-19,处理反馈
4,486184,广汽本田,雅阁,2018款 260TURBO 精英版 国V,广汽本田雅阁机油增多超过标尺上限,"A339,",2020-06-19,信息审核
5,486183,华晨宝马,宝马5系,2014款 528Li 领先型,华晨宝马5系左前大灯脱皮影响驾驶,"H220,",2020-06-19,信息审核
6,486182,东风乘用车,风神AX7,2019款 1.6T 自动 AI领航型 国V,东风风神AX7转向异响 开关车门异响,"D59,H72,",2020-06-19,处理反馈
7,486181,新特汽车,SITECH DEV 1,2018款 创睿版,新特SITECH DEV 1无法启动4S店无配件更换,"N318,",2020-06-19,信息审核
8,486178,东风乘用车,风神AX7,2018款 1.6T 自动 豪华型,东风风神AX7踩油门加速时发动机无动力,"A163,",2020-06-19,处理反馈
9,486177,一汽丰田,威驰FS,2017款 1.5L CVT 锋驰版,一汽丰田威驰FS正副驾车门有断裂现象,"H168,",2020-06-19,信息审核
10,486176,吉利汽车,星越,2019款 350T 耀星者,吉利星越车机卡顿 转向时存在异响,"D59,M279,",2020-06-19,信息审核
11,486170,广汽本田,飞度,2016款 1.5L LX CVT 舒适型,广汽本田飞度启动后存在打齿声音,"A9,",2020-06-19,信息审核
12,486166,吉利汽车,经典帝豪,2013款 1.5L 手动 进取型 三厢,吉利经典帝豪车身生锈 行驶时变速箱异响,"B33,H79,H220,",2020-06-19,信息审核
13,486165,长安汽车,长安CS75 PLUS,2020款 1.5T 自动 尊贵型,长安CS75 PLUS导航定位不准确发生偏移,"H21,",2020-06-19,厂家受理
14,486163,吉利汽车,星越,2019款 300T 耀星者,吉利星越方向左偏 车机黑屏并且死机,"G117,H155,M279,",2020-06-19,信息审核
15,486162,广汽丰田,汉兰达,2018款 2.0T 四驱 骑士版 7座 国VI,广汽丰田汉兰达升级的多媒体系统与宣传不符,"M279,",2020-06-19,信息审核
16,486154,奔驰（进口）,奔驰GLE,2018款 GLE 400 4MATIC 臻藏版,进口奔驰GLE车内异味希望厂家处理问题,"H185,",2020-06-19,信息审核
17,486151,长安汽车,长安CS75 PLUS,2020款 2.0T 自动 领航型,长安CS75 PLUS车载微信功能与宣传不符,"M279,",2020-06-19,厂家受理
18,486149,一汽-大众,探岳,2020款 330TSI 两驱 豪华智联版,一汽大众探岳变速箱异响燃油泵声音大,"B33,H78,",2020-06-19,处理反馈
19,486148,长安跨越,新豹T3,2018款 1.2L 舒适型 单排 后单轮 标准货箱,长安跨越新豹T3配件质量差要求退换车,"N317,",2020-06-19,处理反馈
20,486146,上汽大众,朗逸,2017款 1.6L 自动 舒适版,上汽大众朗逸刹车时前轮位置存在异响,"E43,",2020-06-19,信息审核
21,486145,比亚迪,比亚迪S7,2015款 2.0T 自动 豪华型,比亚迪S7换挡困难 变速箱抖动 模块压力不够,"B20,B95,B115,",2020-06-19,处理反馈
22,486144,吉利汽车,博越,2020款 1.8TD DCT 智尊PRO,吉利博越挡位指示灯与厂家宣传不符,"M279,",2020-06-19,信息审核
23,486143,上汽集团,名爵6,2017款 20T 自动 Trophy尊享互联网版 国V,上汽名爵6电瓶亏电希望尽快处理,"H146,",2020-06-19,厂家受理
24,486142,沃尔沃亚太,沃尔沃S60,2017款 2.0T T4 智远版,亚太沃尔沃S60高压油泵故障导致故障灯亮,"A34,H78,",2020-06-19,信息审核
25,486140,吉利汽车,博越,2016款 1.8TD 自动 两驱 智慧型,吉利博越四个轮毂发生不同程度氧化,"H243,",2020-06-19,信息审核
26,486136,东风日产,楼兰,2015款 2.5L 两驱 智尚版 XL,东风日产楼兰变速箱压力控制阀故障,"B84,",2020-06-19,处理反馈
27,486135,上汽大众,途安,2018款 途安L 280TSI DSG 舒适版 7座 国VI,上汽大众途安启停失灵自动驻车失灵故障灯亮,"E159,H170,",2020-06-19,信息审核
28,486133,上汽通用五菱,宝骏E100,2019款 250KM 智行版,宝骏E100车身掉漆 偶尔无法换挡,"B20,H81,",2020-06-19,信息审核
29,486131,长安马自达,马自达3 昂克赛拉,2016款 1.5L 自动 豪华型 三厢,长安马自达昂克赛拉中控屏大面积开裂,"H134,H168,",2020-06-19,信息审核
0,486128,一汽-大众奥迪,奥迪Q5,2016款 40 TFSI 进取型,一汽大众奥迪Q5车内异味召回后依然很大,"H185,Q323,",2020-06-19,信息审核
1,486127,吉利汽车,帝豪,2017款 1.5L 手动 向上互联版 三厢 百万款,吉利帝豪打方向盘时有异响一直未解决,"D59,",2020-06-19,信息审核
2,486125,一汽-大众,探岳,2019款 330TSI 两驱 豪华型 国Ⅵ,一汽大众探岳中控死机 赠送保养承诺不兑现,"H134,I295,L313,N317,",2020-06-19,处理反馈
3,486122,一汽-大众,宝来,2019款 改款 1.5L 手动 舒适型 国VI,一汽大众宝来天窗密封条损坏希望保修,"H48,",2020-06-19,处理反馈
4,486117,捷豹,捷豹F-PACE,2019款 2.0T 四驱 都市尊享版,捷豹F-PACE经销商销售维修过的问题车,"M284,",2020-06-19,用户评分
5,486115,一汽-大众奥迪,奥迪Q5,2010款 2.0TFSI  双离合 舒适型,一汽大众奥迪Q5变速箱功能失效无法挂挡,"B20,B96,",2020-06-19,信息审核
6,486113,一汽马自达,睿翼,2011款 2.0 自动 精英版,一汽马自达睿翼仪表台开裂发粘厂家未回复,"H176,",2020-06-19,信息审核
7,486112,广汽三菱,欧蓝德,2016款 2.4L 四驱精英版 5座,广汽三菱欧蓝德座椅生锈行驶时方向跑偏,"G117,H79,",2020-06-19,厂家受理
8,486109,众泰汽车,众泰T700,2017款 1.8T 双离合 尊贵型 贺岁版,众泰T700打方向沉重厂家无配件提供,"D156,D57,N318,",2020-06-19,信息审核
9,486106,北京奔驰,奔驰C级,2015款 200 L 运动型,北京奔驰C级4S店更换发动机未变更登记信息,"J299,",2020-06-19,信息审核
10,486105,北汽昌河,昌河Q35,2016款 1.5L 自动 炫酷版,北汽昌河Q35仪表显示安全气囊故障灯亮,"H103,",2020-06-19,信息审核
11,486101,东风标致,标致408,2015款 1.2T 自动 豪华版,东风标致408发动机故障灯报警希望处理,"A34,",2020-06-19,信息审核
12,486095,众泰汽车,众泰T700,2017款 1.8T 双离合 尊贵型,众泰T700门把手损坏前轴承损坏右后胎压失灵,"G125,H203,H233,",2020-06-19,信息审核
13,486092,北京现代,途胜,2015款 1.6T   双离合 两驱 智能型,北京现代途胜发动机烧机油希望尽快解决,"A63,",2020-06-19,信息审核
14,486089,东风雪铁龙,雪铁龙C6,2017款 380THP 尊贵型,东风雪铁龙C6 SOS灯常亮要求质保维修,"H170,",2020-06-19,处理反馈
15,486085,上汽斯柯达,昊锐,2012款 1.8TSI 自动 优雅版,斯柯达昊锐车内异味越来越严重影响健康,"H185,",2020-06-19,信息审核
16,486084,东风启辰,晨风,2014款 6.6KW 纯电动  领风版,启辰晨风动力电池衰减30%导致续航里程不足,"H343,",2020-06-19,信息审核
17,486083,领克汽车,领克01,2017款 2.0T 自动 两驱 型 Pro,领克01低速加速发动机异响 4S店无法解决,"A9,I295,",2020-06-19,处理反馈
18,486080,吉利汽车,嘉际,2019款 1.5TD MHEV DCT 臻享型,吉利嘉际连接蓝牙通话无声音 导航不予升级,"H21,H155,L313,",2020-06-19,处理反馈
19,486079,长安马自达,马自达3 昂克赛拉,2016款 2.0L 自动 旗舰型 三厢,长安马自达昂克赛拉中控屏脱胶开裂影响使用,"H134,",2020-06-19,处理反馈
20,486077,吉利汽车,远景,2018款 1.5L 自动 尊贵型,吉利远景经销商丢失钥匙和车辆合格证,"O353,O354,",2020-06-19,处理反馈
21,486071,上汽集团,名爵ZS,2017款 1.5L 手动 豪华版,上汽名爵ZS变速箱换挡顿挫 刹车片偏磨,"B19,E47,",2020-06-19,厂家受理
22,486068,广汽本田,雅阁,2016款 2.0L CVT  舒适版,广汽本田雅阁日间行车灯灯带有一半不亮,"H82,",2020-06-19,信息审核
23,486066,福特（进口）,探险者（进口）,2016款 2.3T 精英版,进口福特探险者刹车片脱落要求厂家解决,"E270,",2020-06-19,厂家受理
24,486065,广汽本田,雅阁,2016款 2.0L CVT  舒适版,广汽本田雅阁发动机故障灯亮希望解决,"A34,",2020-06-19,信息审核
25,486063,长安标致雪铁龙DS,DS5,2014款 1.6T 雅致版THP160,长安标致雪铁龙DS5冷车启动时发动机异响,"A9,",2020-06-19,信息审核
26,486062,吉利汽车,帝豪,2017款 1.5L 手动 向上版 三厢 百万款,吉利帝豪转向时存在异响要求厂家处理,"D59,",2020-06-19,处理反馈
27,486061,北京现代,朗动,2013款 1.6L 自动 尊贵型,北京现代朗动变速箱降挡顿挫一直未解决,"B19,I295,",2020-06-19,信息审核
28,486058,上汽集团,荣威RX5 MAX,2019款 400TGI 自动 智能座舱旗舰版,上汽荣威RX5 MAX怠速时发动机抖动,"A24,H211,",2020-06-19,信息审核
29,486057,众泰汽车,众泰T600,2014款 1.5T 手动 精英型,众泰T600节气门漏气导致行驶中加速无力,"A251,",2020-06-19,信息审核
0,486056,一汽-大众奥迪,奥迪Q3,2018款 30 TFSI 时尚型典藏版,一汽大众奥迪Q3发动机高压油泵异响,"A9,",2020-06-19,信息审核
1,486054,吉利汽车,博瑞,2017款 1.8T 旗舰4G型,吉利博瑞发动机缸盖漏油浸泡火花塞存在隐患,"A12,",2020-06-19,用户评分
2,486051,大众（进口）,高尔夫（进口）,2011款 1.4TSI DSG Cross Golf,进口大众高尔夫水泵故障水温过高且无报警,"A191,A221,",2020-06-19,信息审核
3,486049,一汽-大众,速腾,2018款 280TSI DSG熠动版,一汽大众速腾方向盘磨损脱皮存在质量问题,"H157,",2020-06-19,处理反馈
4,486048,吉利汽车,星越,2019款 350T 耀星者,吉利星越车机死机要求厂家更换硬件,"H155,M279,",2020-06-19,处理反馈
5,486047,江淮汽车,瑞风M3,2019款 宜家版 1.8L 豪华 智能型,江淮瑞风M3行驶时跑偏轮胎异常磨损,"G245,G117,I295,",2020-06-19,处理反馈
6,486044,吉利汽车,星越,2019款 350T 耀星者,吉利星越4S店销售人员故意隐瞒厂家增购补贴,"L313,",2020-06-19,用户评分
7,486040,长城汽车,哈弗H5,2016款 2.0T 四驱精英型 经典版,哈弗H5发动机怠速不稳 涡轮增压器漏油,"A163,A35,A189,",2020-06-19,用户评分
8,486039,奇瑞汽车,艾瑞泽5,2017款 1.5L 手动 时尚版,奇瑞艾瑞泽5空调漏氟 车载互联无网络,"H146,H155,",2020-06-19,处理反馈
9,486038,广汽丰田,凯美瑞,2019款 2.0G 豪华版 国VI,广汽丰田凯美瑞喷漆不匀且有生锈现象,"H79,H81,",2020-06-19,信息审核
10,486037,一汽-大众,速腾,2019款 200TSI DSG 舒适型 国VI,一汽大众速腾升降挡时变速箱异响,"B33,",2020-06-19,处理反馈
11,486034,上汽大众,途观L,2017款 330TSI 两驱 旗舰版,大众途观L行驶中提示变速箱进入紧急状态,"B96,B84,B77,",2020-06-19,信息审核
12,486031,广汽本田,雅阁,2018款 260TURBO 精英版 国VI,广汽本田雅阁座椅调节支撑锈蚀掉渣,"H79,",2020-06-19,信息审核
13,486030,猎豹汽车,Mattu,2018款 1.6T GDI DCT 尊贵型,猎豹Mattu变速箱无动力输出无法正常行驶,"B334,",2020-06-19,信息审核
14,486029,上汽大众,朗逸,2019款 朗逸启航 1.5L 手动 舒适版 国VI,上汽大众朗逸刹车异响4S店告知正常,"E43,",2020-06-19,信息审核
15,486027,一汽-大众,速腾,2018款 280TSI DSG熠动版,一汽大众速腾发动机异响 刹车踏板震动,"A9,D80,E111,",2020-06-19,处理反馈
16,486026,广汽丰田,凯美瑞,2009款 200G 自动 豪华版,广汽丰田凯美瑞中控仪表台腐蚀氧化掉皮,"H176,",2020-06-19,信息审核
17,486025,吉利汽车,嘉际,2019款 1.5TD MHEV DCT 尊享型,吉利嘉际氛围灯与宣传不符希望厂家处理,"M279,",2020-06-19,用户评分
18,486022,上汽通用五菱,宝骏310W,2017款 1.5L 手动 舒适型 国V,宝骏310W车辆自燃要求尽快处理问题,"H40,",2020-06-19,处理反馈
19,486017,东风标致,标致4008,2017款 380THP 豪华GT版,东风标致4008承诺不兑现升级车机后音响无声,"H134,L314,",2020-06-19,处理反馈
20,486016,一汽大众,捷达VS5,2019款 280TSI 自动 悦享型,捷达VS5前雨刮器导水槽漏水存在质量问题,"H109,",2020-06-19,信息审核
21,486013,一汽-大众,高尔夫,2018款 230TSI 自动 舒适型,一汽大众高尔夫发动机运转时高压油泵异响,"A9,",2020-06-19,处理反馈
22,486009,东风日产,逍客,2016款 2.0L CVT 精英版,东风日产逍客变速箱阀体故障无法加速,"B334,B84,",2020-06-19,处理反馈
23,486008,一汽-大众,宝来,2019款 1.5L 自动 时尚型,一汽大众宝来大灯进水胎压误报自动驻车故障,"H88,H170,H203,",2020-06-19,处理反馈
24,486002,广汽本田,雅阁,2018款 260TURBO 旗舰版 国V,广汽本田雅阁胎压监测误报警 车身异响,"H15,H155,H203,",2020-06-19,信息审核
25,486001,昌河铃木,北斗星X5,2015款 1.4L 巡航版,昌河铃木北斗星X5油表不准 转向时有异响,"D59,H93,H68,H202,H197,",2020-06-19,信息审核
26,485995,广汽本田,飞度,2016款 1.5L LX CVT 舒适型,广汽本田飞度发动机冷车启动异响要求解决,"A9,",2020-06-19,信息审核
27,485994,一汽-大众,速腾,2013款 2.0TSI GLI,一汽大众速腾发动机和变速箱漏油,"A12,B22,",2020-06-19,处理反馈
28,485988,众泰汽车,众泰Z500,2015款 1.5T 手动 尊贵型,众泰Z500质保期内出现的质量问题不予索赔,"I297,",2020-06-19,处理反馈
29,485987,众泰汽车,众泰SR9,2017款 2.0T 自动 极致之梦版,众泰SR9变速箱多次损坏要求退车,"B96,",2020-06-19,处理反馈
0,485980,奇瑞捷豹路虎,揽胜极光,2020款 249PS R-DYNAMIC SE 运动科技版,奇瑞捷豹路虎揽胜极光减震器中控台转向异响,"D59,G52,H93,",2020-06-19,处理反馈
1,485979,长安马自达,马自达3 昂克赛拉,2020款 2.0L 自动 质雅版,长安马自达昂克赛拉中网镀铬装饰条腐蚀掉漆,"H81,H168,",2020-06-19,用户评分
2,485976,长安马自达,马自达3 昂克赛拉,2016款 1.5L 自动 豪华型 三厢,长安马自达昂克赛拉中控屏幕有开裂现象,"H134,",2020-06-19,处理反馈
3,485975,吉利汽车,帝豪GS,2016款 1.8L 手动 领尚型 运动版,吉利帝豪GS分离轴承存在缺陷存在安全隐患,"C267,",2020-06-19,处理反馈
4,485972,吉利汽车,星越,2019款 改款 350T 耀星者,吉利星越车机死机与厂家未回复处理,"H155,I294,M279,",2020-06-19,处理反馈
5,485970,北京奔驰,奔驰C级,2020款 C 260 运动版,北京奔驰C级无钥匙进入失灵希望厂家处理,"H119,",2020-06-19,信息审核
6,485968,奇瑞瑞麒,瑞麒G6,2011款 2.0T 自动 豪华型,瑞麒G6高速行驶时变速箱油管爆裂,"B22,G56,N318,",2020-06-19,用户评分
7,485966,东风本田,本田CR-V,2019款 240TURBO CVT 两驱 舒适版 国V,东风本田CR-V经销商违规收取续保押金,"K307,",2020-06-19,处理反馈
8,485965,北京现代,领动,2019款 1.5L CVT 智炫・精英型,北京现代领动减震器无配件承诺解决未兑现,"I294,L314,N318,N320,",2020-06-19,信息审核
9,485959,广汽丰田,丰田C-HR,2020款 2.0L 领先版,广汽丰田C-HR未给发票导致无法上牌,"O353,",2020-06-19,信息审核
10,485956,猎豹汽车,猎豹CS10,2017款 2.0T 手动 卓越型,猎豹CS10天窗异响不断 刹车疲软,"E269,H89,",2020-06-19,信息审核
11,485954,东风本田,本田XR-V,2015款 1.8L EXi CVT 舒适版,东风本田XR-V购车至今车内一直存在异味,"H164,",2020-06-19,处理反馈
12,485953,一汽-大众,速腾,2018款 280TSI DSG熠动版,一汽大众速腾韩泰轮胎开裂并且鼓包,"F100,F39,",2020-06-19,处理反馈
13,485951,吉利汽车,缤瑞,2018款 14T CVT 缤纷版,吉利缤瑞发动机转速过高厂家未解决问题,"A35,J301,",2020-06-19,信息审核
14,485950,一汽-大众奥迪,奥迪A6L,2020款 40 TFSI 豪华动感型,一汽大众奥迪A6L刹车抱死转向故障灯亮,"A34,D57,D291,E29,M284,",2020-06-19,信息审核
15,485947,吉利汽车,远景,2017款 1.5L 自动 幸福版,吉利远景行驶中动力消失存在质量问题,"B334,",2020-06-19,处理反馈
16,485946,一汽丰田,RAV4荣放,2020款 2.0L CVT 两驱 都市版,一汽丰田RAV4荣放发动机舱有泥浆车架生锈,"H79,Q322,",2020-06-19,信息审核
17,485945,东南汽车,东南DX7,2016款 1.5T 手动 凯旋版,东南DX7空调开冷风出热风车身异响,"H101,H15,",2020-06-19,信息审核
18,485943,北京现代,领动,2016款 1.6L 自动 智炫・精英型,北京现代领动转向异响沉重卡滞希望处理,"D59,D123,D156,",2020-06-19,信息审核
19,485942,上汽大众,途观L,2017款 330TSI 两驱 豪华版,上汽大众途观L天窗排水堵塞导致车内进水,"H90,",2020-06-19,信息审核
20,485940,北京现代,途胜,2018款 1.6T 双离合 两驱 15周年特别版,北京现代途胜行驶中发动机故障灯亮,"A34,",2020-06-19,信息审核
21,485937,一汽-大众奥迪,奥迪A4L,2015款 2.0T CVT 标准型,一汽大众奥迪A4L节温器渗水售后不予质保,"A37,",2020-06-19,信息审核
22,485933,华晨中华,中华H330,2013款 1.5L 自动 豪华型,华晨中华H330左后轮轮毂破损希望尽快处理,"H243,",2020-06-19,信息审核
23,485931,吉利汽车,嘉际,2019款 1.5TD MHEV DCT 臻享型,吉利嘉际前部摄像头有拆装痕迹4S店不处理,"H170,I295,L313,M279,O353,",2020-06-19,处理反馈
24,485930,上汽大众,途观L,2019款 改款 330TSI 自动 两驱 智动豪华版 国VI,上汽大众途观L变速箱异响 转向时车轮异响,"B33,G125,",2020-06-19,处理反馈
25,485929,吉利汽车,缤越,2019款 260T DCT Battle 运动款 国V,吉利缤越天窗密封条多处老化破损天窗漏水,"H90,H48,",2020-06-19,处理反馈
26,485928,长安汽车,长安CS55,2017款 1.5T 自动 炫动型,长安CS55大灯内有水痕更换车灯未解决,"H88,",2020-06-19,处理反馈
27,485926,吉利汽车,星越,2019款 350T 耀星者,吉利星越车机系统升级后依然死机黑屏,"O348,",2020-06-19,处理反馈
28,485925,华晨宝马,宝马3系,2017款 330Li M 运动型,华晨宝马3系冷却液水管爆裂发动机温度高,"A37,A191,",2020-06-19,信息审核
29,485923,上汽大众,朗逸,2017款 230TSI 双离合 舒适版,上汽大众朗逸变速箱跳挡 发动机空转,"B27,",2020-06-19,用户评分
0,485922,上汽集团,荣威Ei5,2019款 智联旗舰版,上汽荣威Ei5充电慢且充电时自动断开,"H340,",2020-06-19,用户评分
1,485920,东南汽车,东南DX3,2018款 1.5L 手动 尊贵型,东南DX3排气管共振异响严重无法解决,"H268,",2020-06-19,用户评分
2,485919,广汽丰田,YARiS L 致炫,2018款 1.5E CVT 冠军限量版,广汽丰田致炫空调风向调节开关故障,"H101,",2020-06-19,信息审核
3,485918,吉利汽车,博瑞,2015款 1.8T 旗舰型,吉利博瑞影音系统出现黑屏厂家不给保修,"H134,I297,",2020-06-19,用户评分
4,485917,一汽-大众,速腾,2019款 200TSI DSG 舒适型 国VI,一汽大众速腾上坡辅助系统故障导致溜车,"H170,",2020-06-19,处理反馈
5,485916,广汽本田,冠道,2017款 240TURBO CVT 两驱 尊享版,广汽本田冠道4S店维修使用旧件要求解决	,"N316,",2020-06-19,信息审核
6,485915,一汽-大众,探岳,2020款 330TSI 两驱 豪华智联版,一汽大众探岳前大灯透镜污损发白亮度下降,"H82,",2020-06-19,处理反馈
7,485909,一汽-大众,高尔夫・嘉旅,2016款 230TSI 手动 进取型,一汽大众高尔夫嘉旅天窗漏水希望厂家解决,"H90,",2020-06-19,处理反馈
8,485907,上汽集团,名爵6,2018款 20T 自动 尊享互联网版 国VI,上汽名爵6四轮定位后吃胎 服务态度差,"I293,J300,J303,",2020-06-19,厂家受理
9,485905,奇瑞汽车,捷途X70,2020款 1.5T 手动 悦行版 5座,捷途X70挂挡异响 减震异响 发动机转速不稳,"A163,A35,B33,B20,G52,",2020-06-19,处理反馈
10,485904,长安马自达,马自达3 昂克赛拉,2016款 1.5L 自动 豪华型 三厢,长安马自达昂克赛拉中控屏无故开胶,"H168,",2020-06-19,用户评分
11,485903,华晨宝马,宝马5系,2019款 530Li 领先型 M运动套装,华晨宝马5系新车变速箱漏油多次维修未解决,"B22,J298,",2020-06-19,信息审核
12,485902,吉利汽车,帝豪GL,2017款 1.8L 手动 精英型,吉利帝豪GL离合器无法复位无法挂挡行驶,"C267,",2020-06-19,用户评分
13,485899,北京奔驰,奔驰C级,2019款 C 180 L 时尚型运动版,北京奔驰C级冷却液提示温度高要求解决,"A191,",2020-06-19,信息审核
14,485897,吉利汽车,博越,2018款 1.8TD 自动 两驱 智联型 4G互联版,吉利博越经销商出售问题车价格不透明,"K308,M284,",2020-06-19,处理反馈
15,485896,上汽通用五菱,宝骏310W,2017款 1.5L 手动 舒适型 国VI,宝骏310W发动机故障灯亮 熄火 大灯进水,"A339,A14,H88,",2020-06-19,处理反馈
16,485893,一汽-大众,探岳,2019款 330TSI 两驱 豪华型 国V,一汽大众探岳大灯发白 售后故意拖延,"H82,I282,",2020-06-18,处理反馈
17,485892,一汽-大众,探岳,2019款 330TSI 两驱 尊贵型 国V,一汽大众探岳大灯亮度严重不足影响安全,"H82,",2020-06-18,处理反馈
18,485891,一汽-大众奥迪,奥迪A6L,2020款 45 TFSI 臻选致雅型,一汽大众奥迪A6L行驶时发动机抖动熄火,"A24,A14,",2020-06-18,信息审核
19,485890,长安马自达,马自达3 昂克赛拉,2016款 1.5L 自动 豪华型 三厢,长安马自达昂克赛拉中控显示屏脱胶开裂,"H134,",2020-06-18,处理反馈
20,485883,吉利汽车,博越,2020款 1.8TD DCT 智领PRO,吉利博越挡杆处没有指示灯涉嫌虚假宣传,"M279,",2020-06-18,信息审核
21,485882,东风日产,逍客,2017款 2.0L CVT 精英版 国V,东风日产逍客车灯变暗行驶时变速箱顿挫,"B19,H82,",2020-06-18,处理反馈
22,485881,上汽集团,荣威350,2014款 1.5L 自动 迅达版 350S,上汽荣威350购车后车内一直有浓重的异味,"H185,",2020-06-18,处理反馈
23,485880,北京现代,途胜,2015款 1.6T   双离合 两驱 智能型,北京现代途胜空调压缩机频繁启停中控异响,"H101,H93,",2020-06-18,信息审核
24,485878,吉利汽车,嘉际,2019款 1.5TD MHEV DCT 尊享型,吉利嘉际转向机漏油备胎异常磨损车身异响,"D58,H72,H15,H157,",2020-06-18,处理反馈
25,485877,长安汽车,长安CS95,2017款 2.0T 两驱 智拓版,长安CS95踩刹车后异响声音大要求索赔,"E43,",2020-06-18,处理反馈
26,485875,北京奔驰,奔驰GLC,2018款 GLC 260 4MATIC 动感型 改款,北京奔驰GLC轮毂氧化起皮要求更换,"H243,",2020-06-18,信息审核
27,485872,广汽本田,雅阁,2015款 2.0L LXS 精英版,广汽本田雅阁变速箱异响高速行驶顿挫,"B33,B19,",2020-06-18,信息审核
28,485871,北京现代,领动,2016款 1.6L 自动 智炫・精英型,北京现代领动跑高速时缦址较蚩ㄖ,"D123,",2020-06-18,信息审核
29,485865,吉利汽车,博越,2020款 1.8TD DCT 智领PRO,吉利博越行驶过程中变速箱明显顿挫,"B19,",2020-06-18,处理反馈
0,485863,东风标致,标致408,2016款 1.6T 自动 豪华版,东风标致408水泵损坏导致发动机异响,"A9,A221,",2020-06-18,用户评分
1,485862,长安马自达,马自达3 昂克赛拉,2020款 2.0L 自动 质雅版,马自达昂克赛拉行使中显示超音传感器故障,"B19,B95,H234,",2020-06-18,处理反馈
2,485854,北京奔驰,奔驰C级,2020款 改款 C 260 运动版,北京奔驰C级怠速不稳定变速箱换挡迟滞,"A35,B19,",2020-06-18,信息审核
3,485851,长安马自达,马自达3 昂克赛拉,2016款 1.5L 自动 舒适型 三厢,长安马自达昂克赛拉仪表盘掉漆座椅掉皮,"H168,H169,",2020-06-18,处理反馈
4,485843,东风日产,逍客,2017款 2.0L CVT 智享版 国V,东风日产逍客转向异响希望厂家处理,"D59,",2020-06-18,处理反馈
5,485830,吉利汽车,博瑞,2015款 1.8T 旗舰型,吉利博瑞方向盘卡死 助力系统故障,"A255,D123,D112,",2020-06-18,处理反馈
6,485828,长安汽车,长安UNI-T,2020款 1.5T 尊贵型,长安UNI-T车机没有反应音量自动增大,"H134,",2020-06-18,处理反馈
7,485825,吉利汽车,帝豪GL,2018款 1.4T 自动 精英智联型,吉利帝豪GL中控台异响多次处理无效,"B19,H93,H89,",2020-06-18,处理反馈
8,485823,广汽本田,缤智,2015款 1.5L CVT 两驱舒适型,广汽本田缤智冷车启动发动机异响,"A9,",2020-06-18,信息审核
9,485821,东风标致,标致5008,2017款 380THP 精英版 7座,东风标致5008方向盘与刹车行驶途中异响,"D59,E43,",2020-06-18,处理反馈
10,485819,一汽丰田,亚洲龙,2019款 双擎 2.5L XLE 尊贵版 国Ⅵ,一汽丰田亚洲龙天窗异响严重希望解决,"H89,",2020-06-18,信息审核
11,485817,东风本田,本田CR-V,2018款 1.5T CVT 两驱 舒适版,东风本田CR-V优科豪马轮胎开裂掉皮,"F100,F186,",2020-06-18,处理反馈
12,485812,上汽大众,Polo,2018款 1.5L 自动 安享型,上汽大众Polo车内异味严重无法忍受	,"H185,",2020-06-18,信息审核
13,485811,东风标致,标致508,2015款 1.8THP 自动 致臻版,东风标致508厂家召回进气歧管不合理,"Q323,",2020-06-18,处理反馈
14,485809,东风雪铁龙,雪铁龙C4L,2015款 1.8L 手动 领先版,东风雪铁龙C4L发动机烧机油希望处理,"A63,",2020-06-18,处理反馈
15,485805,东风雪铁龙,雪铁龙C4L,2014款 1.8L 手动 智驱版 劲智型,东风雪铁龙C4L汽油泵故障无法启动,"H78,",2020-06-18,用户评分
16,485802,一汽马自达,阿特兹,2020款 2.5L 蓝天尊崇版,一汽马自达阿特兹中控屏卡死行驶时B柱异响,"H134,H15,",2020-06-18,处理反馈
17,485800,一汽-大众奥迪,奥迪Q5,2012款 2.0TFSI  自动 舒适型,一汽大众奥迪Q5变速箱故障灯亮厂家不保修,"B96,I297,",2020-06-18,信息审核
18,485798,一汽马自达,马自达CX-4,2020款 2.5L 自动 四驱 蓝天激情版,一汽马自达CX-4高速行驶中突然熄火,"A14,A44,",2020-06-18,信息审核
19,485794,北京现代,途胜,2015款 1.6T   双离合 两驱 智能型,北京现代途胜加速时变速箱异响严重,"B33,",2020-06-18,信息审核
20,485793,东风本田,INSPIRE,2019款 锐・混动 2.0L 净雅版 国VI,东风本田INSPIRE悬挂部件锈蚀严重,"H79,",2020-06-18,处理反馈
21,485792,东风标致,标致408,2015款 1.2T 自动 豪华版,东风标致408空调压缩机漏油不制冷,"H101,",2020-06-18,处理反馈
22,485790,一汽丰田,RAV4荣放,2016款 2.0L CVT 两驱 风尚版 国V,一汽丰田RAV4荣放发动机漏油质量差,"A12,",2020-06-18,信息审核
23,485787,上汽斯柯达,柯迪亚克,2019款 TSI380 四驱 旗舰版 7座 国V,斯柯达柯迪亚克方向盘 刹车 油门全部失灵,"A174,D57,E29,",2020-06-18,信息审核
24,485785,长安马自达,马自达CX-5,2020款 2.0L 自动 两驱 智尊型,长安马自达CX-5安全带损伤希望厂家处理,"H118,",2020-06-18,处理反馈
25,485784,一汽-大众,迈腾,2017款 330TSI DSG 豪华型,一汽大众迈腾底盘异响希望尽快处理,"G56,",2020-06-18,处理反馈
26,485782,一汽马自达,阿特兹,2020款 2.0L 蓝天豪华版,一汽马自达阿特兹行驶过程中车内有异响,"H15,H89,",2020-06-18,用户评分
27,485781,一汽马自达,马自达CX-4,2020款 2.0L 自动 两驱 蓝天活力版,一汽马自达CX-4车身异响希望尽快处理,"H15,",2020-06-18,用户评分
28,485778,一汽-大众奥迪,奥迪A6L,2019款 40 TFSI 豪华动感型,一汽大众奥迪A6L行驶中变速箱内部螺丝断裂,"B77,",2020-06-18,信息审核
29,485776,吉利汽车,星越,2019款 350T 耀星者,吉利星越车机系统更新后卡顿 影像不清晰,"H134,H155,O348,",2020-06-18,用户评分
0,485773,吉利汽车,博越,2018款 1.8TD 自动 两驱 智尊型 4G互联版,吉利博越升级后Carplay消失4S店无升级包,"J300,O348,",2020-06-18,处理反馈
1,485771,吉利汽车,缤越,2019款 运动款 260T DCT Battle 国VI 运动款,吉利缤越中控异响 车机系统无法升级,"H93,L314,",2020-06-18,处理反馈
2,485770,一汽丰田,RAV4荣放,2019款 2.0L CVT 两驱 先锋版 国VI,一汽丰田RAV4荣放经销商不让报废车辆,"K325,",2020-06-18,信息审核
3,485768,上汽大众,朗逸,2017款 1.6L 手动 风尚版,上汽大众朗逸韩泰轮胎老化 排气管生锈,"F100,H30,",2020-06-18,信息审核
4,485767,东风风行,景逸X6,2017款 1.5T 手动 尊贵型 劲享系列,东风风行景逸X6方向偏右 安全气囊故障,"A24,D154,H103,",2020-06-18,处理反馈
5,485766,上汽通用五菱,五菱荣光小卡,2019款 1.5L 基本型 双排 L3C 国VI,上汽通用五菱荣光小卡漆面生锈掉漆,"H79,H81,",2020-06-18,处理反馈
6,485765,广汽本田,缤智,2017款 1.5L CVT 两驱 舒适型,广汽本田缤智低速踩油门抖动无动力输出,"B95,B334,",2020-06-18,信息审核
7,485759,北京现代,领动,2018款 1.6L 自动 15周年特别版,北京现代领动转向异响存在质量问题,"D59,",2020-06-18,信息审核
8,485756,一汽-大众,宝来,2017款 1.6L 手动 舒适型,一汽大众宝来后排座椅骨架严重生锈,"H79,",2020-06-18,处理反馈
9,485750,吉利汽车,嘉际,2019款 1.5TD MHEV DCT 耀享型,吉利嘉际备胎异常磨损 转向机漏油 内饰异响,"D58,H93,H68,H157,",2020-06-18,处理反馈
10,485749,北汽新能源,北汽新能源EU5,2018款 EU5 R500 智尚版,北汽新能源EU5喷漆质量差漆面鼓泡,"J303,",2020-06-18,用户评分
11,485748,一汽马自达,阿特兹,2020款 2.5L 蓝天运动版,一汽马自达阿特兹车身B柱中控和天窗异响,"H93,H15,H89,",2020-06-18,处理反馈
12,485747,吉利汽车,星越,2019款 改款 350T 耀星者,吉利星越氛围灯与宣传不符希望厂家处理问题,"M279,",2020-06-18,用户评分
13,485743,长安马自达,马自达3 昂克赛拉,2020款 2.0L 自动 质雅版,长安马自达昂克赛拉车门 顶棚 中控 刹车异响,"E43,H72,H93,H15,",2020-06-18,处理反馈
14,485742,上汽大众,朗逸,2019款 1.5L 自动 舒适版 国VI,上汽大众朗逸新车方向盘有破损的现象,"H168,",2020-06-18,信息审核
15,485740,上汽集团,名爵6,2018款 20T 自动 豪华智联版 国VI,上汽名爵6变速箱异响解决方案不认可,"B33,I295,I293,",2020-06-18,用户评分
16,485739,上汽通用五菱,五菱宏光,2014款 1.5L S 豪华型,上汽通用五菱宏光车门严重生锈要求处理,"H79,",2020-06-18,处理反馈
17,485737,一汽丰田,RAV4荣放,2020款 2.0L CVT 两驱 风尚版,一汽丰田RAV4荣放中控显示屏太大 像素太低,"H134,Q322,",2020-06-18,信息审核
18,485736,华晨中华,中华V3,2016款 1.5L 自动 智能型,华晨中华V3车门锁故障希望厂家处理,"H197,",2020-06-18,信息审核
19,485735,一汽马自达,阿特兹,2020款 2.0L 蓝天豪华版,一汽马自达阿特兹中控台异响 B柱异响,"H93,H15,",2020-06-18,用户评分
20,485733,吉利汽车,星越,2019款 350T 耀星者,吉利星越车机与宣传不符 销售人员不回信息,"I295,M279,",2020-06-18,用户评分
21,485732,奇瑞汽车,捷途X90,2019款 1.5T 自动 尊享型 6座 国V,奇瑞捷途X90导航无法更新 钥匙手环不索赔,"H21,H119,I295,I297,I294,",2020-06-18,处理反馈
22,485728,吉利汽车,星越,2019款 改款 300T 耀星者,吉利星越车机与厂商宣传不符要求升级,"M279,",2020-06-18,处理反馈
23,485725,吉利汽车,博越,2020款 1.8TD DCT 智尊PRO,吉利博越挡位灯和影音系统功能与宣传不符,"H134,M279,",2020-06-18,用户评分
24,485723,江淮汽车,嘉悦A5,2020款 1.5T CVT 超越型,江淮嘉悦A5发动机怠速转速高加速无力,"A163,A35,",2020-06-18,处理反馈
25,485722,长安马自达,马自达3 昂克赛拉,2020款 2.0L 自动 质雅版,长安马自达昂克赛拉转动方向盘时存在异响,"D59,",2020-06-18,处理反馈
26,485721,一汽马自达,马自达CX-4,2020款 2.0L 自动 两驱 蓝天活力版,一汽马自达CX-4车身多处异响厂家无法处理,"H15,I295,",2020-06-18,用户评分
27,485719,广汽菲克Jeep,大指挥官,2018款 2.0T 四驱 悦享版 国VI,广汽菲克Jeep大指挥官车辆减速时底盘异响,"G56,I295,J301,",2020-06-18,信息审核
28,485717,华晨宝马,宝马3系,2019款 320Li M运动曜夜版,华晨宝马3系后备箱处散发出刺鼻的异味,"H185,",2020-06-18,信息审核
29,485716,长城汽车,炮,2019款 2.0T 商用版 手动 两驱 精英型 长箱 GW4D20M 柴油,长城炮空调不制冷 售后维修无配件,"H101,N318,",2020-06-18,处理反馈
0,486459,吉利汽车,远景,2016款 1.5L 自动 幸福版,吉利远景挂倒挡时不踩油门车辆无法移动,"B334,",2020-06-20,信息审核
1,486442,上汽大众,途观,2012款 1.4TSI 手动 两驱 都会版,上汽大众途观4S店用外采件充当原装配件,"N319,",2020-06-20,信息审核
2,486386,东风雪铁龙,雪铁龙C4L,2014款 1.6THP 自动 智驱版 劲智型,东风雪铁龙C4L发动机正时链条套件故障,"A45,",2020-06-20,信息审核
3,486385,星途,星途LX,2019款 1.6T 星睿版,星途LX发动机与变速箱连接处漏油,"A12,B22,",2020-06-20,信息审核
4,486383,吉利汽车,缤越,2019款 260T DCT 骑士 国V,吉利缤越门窗漏风 车机版本老旧,"H144,L314,",2020-06-20,信息审核
5,486379,长安马自达,马自达3 昂克赛拉,2017款 2.0L 自动 旗舰型 三厢 国V,长安马自达昂克赛拉后视镜自动折叠功能失灵,"H211,",2020-06-20,信息审核
6,486378,野马汽车,野马T70,2016款 1.5T 手动 豪华型 升级版,野马T70倒车影像不显示黑屏厂家无配件,"H134,N318,",2020-06-20,信息审核
7,486377,广汽讴歌,讴歌CDX,2019款 1.5T 两驱 尊享版,广汽讴歌CDX变速箱顿挫车顶钢板太软,"B19,Q322,",2020-06-20,信息审核
8,486376,奇瑞汽车,艾瑞泽5,2017款 1.5L 手动 领潮版,奇瑞艾瑞泽5空调制冷效果差存在质量问题,"H101,",2020-06-20,信息审核
9,486375,广汽本田,缤智,2020款 1.5L CVT 先锋版,广汽本田缤智优科豪马轮胎漏气售后不予质保,"F41,",2020-06-20,信息审核
10,486372,上汽通用五菱,新宝骏RS-5,2019款 1.5T CVT 智能驾控豪华版 国V,新宝骏RS-5玲珑轮胎龟裂 起皮严重,"F100,F186,",2020-06-20,信息审核
11,486368,东南汽车,东南DX3,2018款 1.5L 手动 尊贵型,东南DX3离合器异响4S店维修后未解决,"C65,",2020-06-20,信息审核
12,486361,东风悦达起亚,凯绅,2019款 1.8L 自动 GLS,东风悦达起亚凯绅后备箱盖生锈严重,"H79,",2020-06-20,信息审核
13,486353,吉利汽车,星越,2019款 350T 暗夜骑士限量版,吉利星越车机与宣传不符 中控台异响,"H93,M279,",2020-06-20,信息审核
14,486352,长安马自达,马自达3 昂克赛拉,2016款 1.5L 自动 豪华型 三厢,长安马自达昂克赛拉中控导航屏幕无故脱胶,"H134,H168,",2020-06-20,信息审核
15,486351,长安汽车,长安CS55 PLUS,2020款 1.5T 自动 炫色型,长安CS55 PLUS起步3100转换挡 悬挂异响,"B69,G204,",2020-06-20,信息审核
16,486350,东风启辰,启辰D60,2019款 十万荣耀 1.6L Entry 手动 辰尚版 国VI,启辰D60后轮眉位置掉漆生锈存在质量问题,"H79,H81,",2020-06-20,信息审核
17,486349,吉利汽车,博越,2018款 1.8TD 自动 两驱 智联型 4G互联版,吉利博越刹车异响变速箱挂挡顿挫严重,"B19,E43,",2020-06-20,信息审核
18,486347,华晨宝马,宝马3系,2017款 320i M 运动型,宝马3系冷却液水管断裂发动机高温报警,"A37,A191,H168,",2020-06-20,信息审核
19,486342,吉利汽车,博越,2018款 1.8TD 自动 两驱 智联型 4G互联版,吉利博越手机APP无法控制车窗及定位,"H155,",2020-06-20,信息审核
20,486341,众泰汽车,众泰SR9,2017款 2.0T 自动 极致之梦版,众泰SR9行驶中变速箱异响挂挡无法行驶,"B33,B334,",2020-06-20,信息审核
21,486339,上汽大众,朗逸,2019款 280TSI DSG 舒适版 国VI,上汽大众朗逸刹车异响 变速箱异响,"B33,E43,",2020-06-20,信息审核
22,486336,上汽大众,朗逸,2018款 280TSI DSG豪华版 两厢 国V,上汽大众朗逸轮毂氧化售后不予质保,"H243,",2020-06-20,信息审核
23,486335,一汽-大众,探岳,2019款 380TSI 四驱 R-Line 国VI,一汽大众探岳大灯亮度不够透镜上有指纹,"H82,H60,",2020-06-20,处理反馈
24,486332,沃尔沃亚太,沃尔沃S60新能源,2015款 2.0T 智越版 E驱混动,沃尔沃S60新能源召回后空调问题频发,"H101,",2020-06-20,信息审核
25,486329,一汽-大众,速腾,2019款 200TSI 手动 舒适型 国VI,一汽大众速腾一挡起步时转速自动升高,"A35,",2020-06-20,信息审核
26,486328,上汽集团,名爵HS,2019款 30T 自动 两驱 Trophy超燃版 国VI,上汽名爵HS发动机排放故障频发 动力消失,"A34,A255,B96,",2020-06-20,厂家受理
27,486327,吉利汽车,帝豪GS,2018款 1.4T 自动 领潮版 领尚智联型,吉利帝豪GS 4S店私自收回购车合同,"K309,L313,",2020-06-20,信息审核
28,486321,上汽大众,途观L,2017款 330TSI 两驱 豪华版,上汽大众途观L车身共振影响驾驶安全,"H268,",2020-06-20,信息审核
29,486318,广汽丰田,凯美瑞,2015款 2.0G 自动 领先版,广汽丰田凯美瑞左前半轴有漏油现象,"G51,",2020-06-20,信息审核
0,486314,奥迪（进口）,奥迪A1,2014款 30 TFSI Sportback 时尚型,进口奥迪A1变速箱机电单元故障引起故障灯亮,"B96,B84,",2020-06-20,信息审核
1,486312,Jeep（进口）,指南者（进口）,2014款 2.4L 自动 四驱 舒适版 改款,进口Jeep指南者隔音棉问题导致车内异味,"H185,",2020-06-20,信息审核
2,486311,一汽-大众,迈腾,2017款 330TSI DSG 豪华型,一汽大众迈腾行驶中变速箱报警 挡位缺失,"B19,B96,B84,",2020-06-20,处理反馈
3,486308,吉利汽车,嘉际,2019款 1.5TD MHEV DCT 尊享型,吉利嘉际尊享版和高配氛围灯虚假宣传,"M279,",2020-06-20,信息审核
4,486304,北汽新能源,北汽新能源EU5,2018款 EU5 R500 智尚版,北汽新能源EU5行驶时变速箱脱挡无法挂挡,"B20,B246,",2020-06-20,信息审核
5,486302,猎豹汽车,猎豹CS10,2017款 2.0T 手动 风尚型,猎豹CS10转向时异响并且卡顿 刹车抖动,"D59,D123,E111,",2020-06-20,信息审核
6,486298,一汽-大众,速腾,2018款 280TSI DSG熠动版,一汽大众速腾顶棚鼓包 大灯进雾 刹车盘生锈,"E42,H168,H88,",2020-06-20,处理反馈
7,486297,广汽本田,雅阁,2005款 2.4 自动 标准版,广汽本田雅阁吊拉设计的前悬挂存在安全隐患,"Q322,",2020-06-20,信息审核
8,486296,北京奔驰,奔驰C级,2016款 200 L 运动型,北京奔驰C级空调系统无法调节温度影响使用,"H101,",2020-06-20,信息审核
9,486293,奇瑞汽车,艾瑞泽5,2016款 1.5L CVT 领臻版,奇瑞艾瑞泽5发动机生锈4S店不予解决,"A247,",2020-06-20,信息审核
10,486288,吉利汽车,星越,2019款 改款 350T 驭星者AWD,吉利星越实车多项配置与厂家宣传不符	,"M279,",2020-06-20,信息审核
11,486287,长安马自达,马自达3 昂克赛拉,2020款 2.0L 自动 质雅版,长安马自达昂克赛拉新车车门出现下沉,"H149,",2020-06-20,信息审核
12,486286,吉利汽车,帝豪,2018款 1.5L 手动 豪华型,吉利帝豪发动机油耗高一直未解决,"A85,",2020-06-20,信息审核
13,486283,长安汽车,长安CS75 PLUS,2020款 1.5T 自动 豪华型,长安CS75 PLUS车载微信缺失与宣传不符,"M279,",2020-06-20,处理反馈
14,486280,东风悦达起亚,智跑,2018款 2.0L 自动 智享豪华版,东风悦达起亚智跑发动机盖漆面开裂脱落,"H81,",2020-06-20,信息审核
15,486279,广汽丰田,雷凌,2019款 185T CVT 运动版 国VI,广汽丰田雷凌变速箱换挡顿挫 转向异响,"B19,D59,",2020-06-20,信息审核
16,486277,上汽通用五菱,宝骏360,2018款 1.5L 手动 精英型 国V,宝骏360更换的挡风玻璃漏水漏风4S店不解决,"I295,J303,",2020-06-20,信息审核
17,486274,长安汽车,锐程CC,2020款 1.5T 自动 潮锐型,长安锐程CC行驶中突然熄火要求处理,"A14,",2020-06-20,厂家受理
18,486271,东风标致,标致408,2014款 1.8L 自动 豪华版,东风标致408发动机故障灯亮烧机油空调异响,"A34,A63,H101,",2020-06-20,信息审核
19,486270,广汽丰田,雷凌,2017款 185T CVT 精英版 国V 改款,广汽丰田雷凌后减震器出现漏油的现象,"G25,",2020-06-20,信息审核
20,486268,长安马自达,马自达3 昂克赛拉,2020款 2.0L 自动 质雅版,长安马自达昂克赛拉方向盘锁死故障灯亮,"D123,D265,D291,",2020-06-20,信息审核
21,486267,一汽红旗,红旗HS7,2019款 3.0T 自动 四驱 旗悦版,红旗HS7换挡机构故障导致P挡挂不上,"B184,",2020-06-20,信息审核
22,486266,一汽-大众,速腾,2019款 280TSI DSG 舒适型 国VI,一汽大众速腾升降挡时变速箱异响严重,"B33,",2020-06-20,处理反馈
23,486262,广汽三菱,劲炫ASX,2018款 2.0L CVT 两驱 智橙版,广汽三菱劲炫触摸屏死机厂家未回复,"H134,",2020-06-20,厂家受理
24,486261,比亚迪,比亚迪e2,2019款 400出行版,比亚迪e2下雨天前挡风玻璃上的雾气无法吹干,"H101,",2020-06-20,处理反馈
25,486260,上汽大众,凌渡,2017款 230TSI 手动 风尚版,上汽大众凌渡一键升降失灵销售不管售后问题,"H67,I295,",2020-06-20,信息审核
26,486257,江铃汽车,域虎3,2018款 2.5T 四驱 进取版 长轴距 柴油,江铃域虎3底盘异响 SVS故障灯亮,"A34,G56,",2020-06-20,信息审核
27,486255,东风日产,骐达TIIDA,2020款 1.6L CVT 智行版,东风日产骐达减震器漏油售后服务态度差,"G25,I293,",2020-06-20,处理反馈
28,486254,上汽大众,朗逸,2019款 1.5L 自动 舒适版 国VI,上汽大众朗逸发动机存在金属撞击声,"A9,",2020-06-20,信息审核
29,486252,上汽集团,名爵6,2019款 20T 自动 运动版,上汽名爵6保养后异响且存在汽油味,"A9,J300,",2020-06-20,厂家受理
0,486251,一汽-大众,宝来,2019款 1.5L 手动 舒适型,一汽大众宝来发动机故障灯亮 离合器异响,"A34,C65,",2020-06-20,处理反馈
1,486250,吉利汽车,缤瑞,2019款 200T DCT 缤驰版,吉利缤瑞变速箱油封损坏导致漏油,"B22,",2020-06-20,信息审核
2,486249,吉利汽车,缤越,2019款 运动款 260T DCT Battle 国VI 运动款,吉利缤越厂家涉嫌欺诈不予升级车机系统,"E43,H168,L314,M284,",2020-06-20,信息审核
3,486248,广汽丰田,凯美瑞,2018款 2.0G 自动 豪华版,广汽丰田凯美瑞正常行驶中天窗异响,"H89,",2020-06-20,信息审核
4,486246,北京现代,领动,2016款 1.6L 自动 智炫・精英型,北京现代领动转向异响并且明显卡顿,"D59,D123,",2020-06-20,信息审核
5,486244,一汽-大众,探岳,2019款 330TSI 两驱 豪华型 国Ⅵ,一汽大众探岳大灯透镜出现白雾水珠亮度不够,"H82,",2020-06-20,信息审核
6,486242,一汽-大众,探岳,2019款 征途版 280TSI 两驱 豪华型 国Ⅵ,一汽大众探岳大灯白内障模糊不清存在隐患,"H82,",2020-06-19,处理反馈
7,486241,上汽大众,途观L,2018款 330TSI 自动 两驱 豪华版,上汽大众途观L左后轮偏磨吃胎 四缸漏油,"A12,G245,",2020-06-19,信息审核
8,486240,长安马自达,马自达3 昂克赛拉,2016款 1.5L 自动 舒适型 三厢,长安马自达昂克赛拉行驶过程中空调不制冷,"H101,",2020-06-19,信息审核
9,486239,吉利汽车,缤越,2019款 260T DCT Battle 运动款 国V,吉利缤越导航无法定位 倒车镜风噪大,"H155,H211,L314,",2020-06-19,信息审核
10,486237,东风本田,本田CR-V,2017款 240TURBO 自动 两驱 都市版,东风本田CR-V变速箱渗油希望尽快解决,"B22,",2020-06-19,处理反馈
11,486235,吉利汽车,博瑞,2020款 1.5T MHEV 耀享版,吉利博瑞旧车置换补贴款承诺不兑现,"L313,",2020-06-19,信息审核
12,486234,吉利汽车,博越,2020款 1.8TD DCT 智尊PRO,吉利博越原地打方向异响 无挡位灯及雾灯,"D59,M279,",2020-06-19,信息审核
13,486233,一汽-大众,迈腾,2019款 330TSI DSG 领先型 国V,一汽大众迈腾低速加速时变速箱存在口哨声,"B33,",2020-06-19,信息审核
14,486232,观致汽车,观致5,2018款 1.6T 自动 尊贵型,观致5换挡逻辑混乱且变速箱脱挡,"B246,B69,",2020-06-19,信息审核
15,486227,一汽-大众,高尔夫・嘉旅,2016款 1.6L 自动 舒适型,一汽大众高尔夫嘉旅变速箱故障灯亮,"B96,",2020-06-19,处理反馈
16,486224,北京奔驰,奔驰C级,2020款 C 260 运动版,北京奔驰C级韩泰轮胎容易鼓包破损,"F39,",2020-06-19,信息审核
17,486222,一汽-大众奥迪,奥迪Q2L,2020款 35TFSI 时尚动感型,一汽大众奥迪Q2L变速箱异响要求解决,"B33,",2020-06-19,信息审核
18,486221,上汽大众,朗逸,2013款 1.6L 自动 经典风尚版,上汽大众朗逸车内异味严重无法解决,"H185,",2020-06-19,信息审核
19,486220,一汽-大众,探岳,2020款 330TSI 两驱 豪华智联版Pro,一汽大众探岳车灯进水干燥后有水印,"H88,",2020-06-19,处理反馈
20,486218,Jeep（进口）,指南者（进口）,2014款 2.0L 自动 两驱 运动版,进口Jeep指南者车内异味严重无法散去,"H185,",2020-06-19,信息审核
21,486215,广汽本田,皓影,2020款 240TURBO CVT 两驱 豪华版,广汽本田皓影销售承诺不兑现 不给合同	,"I293,L313,O353,",2020-06-19,信息审核
22,486214,东风雪铁龙,雪铁龙C4L,2014款 1.6THP 自动 智驱版 劲智型,东风雪铁龙C4L发动机漏油 漏防冻液,"A12,A37,",2020-06-19,信息审核
23,486213,领克汽车,领克03,2019款 2.0TD 自动 劲Pro版,领克03故障灯亮 4S店错误判断维修,"A34,J303,",2020-06-19,信息审核
24,486208,路虎进口,揽胜星脉,2019款 250PS R-DYNAMIC S,路虎揽胜星脉颠簸路车内低频共鸣压耳,"H268,",2020-06-19,信息审核
25,486206,吉利汽车,星越,2020款 350T 驭星者AWD,吉利星越车机系统存在虚假宣传 空调异味,"H121,M279,",2020-06-19,信息审核
26,486200,一汽-大众,宝来,2019款 1.5L 自动 舒适型,一汽大众宝来行驶中有晃动跳动现象,"G162,",2020-06-19,处理反馈
27,486194,一汽-大众,速腾,2014款 1.4TSI 自动 时尚型,一汽大众速腾前挡风玻璃自然开裂,"H113,",2020-06-19,信息审核
28,486191,广汽本田,缤智,2020款 1.5L CVT 先锋版,广汽本田缤智油箱口附近漆面脱落,"H81,",2020-06-19,信息审核
29,486190,吉利汽车,缤越,2019款 260T DCT 骑士 国V,吉利缤越4S店喷漆质量差导致起泡,"J303,",2020-06-19,信息审核
0,486188,东风雪铁龙,世嘉,2011款 1.6 自动 时尚型 三厢,东风雪铁龙世嘉3挡锁死提示变速箱故障,"B96,B84,",2020-06-19,信息审核
1,486187,东风标致,标致408,2016款 1.6T 自动 豪华版,东风标致408四个轮毂不同程度氧化,"H243,",2020-06-19,信息审核
2,486186,上汽大众,朗逸,2019款 280TSI DSG 舒适版 国VI,上汽大众朗逸前挡风玻璃无故开裂,"H113,",2020-06-19,信息审核
3,486185,一汽-大众,探岳,2019款 330TSI 两驱 豪华型 国V,一汽大众探岳大灯里面有雾气不予解决,"H88,",2020-06-19,处理反馈
4,486184,广汽本田,雅阁,2018款 260TURBO 精英版 国V,广汽本田雅阁机油增多超过标尺上限,"A339,",2020-06-19,信息审核
5,486183,华晨宝马,宝马5系,2014款 528Li 领先型,华晨宝马5系左前大灯脱皮影响驾驶,"H220,",2020-06-19,信息审核
6,486182,东风乘用车,风神AX7,2019款 1.6T 自动 AI领航型 国V,东风风神AX7转向异响 开关车门异响,"D59,H72,",2020-06-19,处理反馈
7,486181,新特汽车,SITECH DEV 1,2018款 创睿版,新特SITECH DEV 1无法启动4S店无配件更换,"N318,",2020-06-19,信息审核
8,486178,东风乘用车,风神AX7,2018款 1.6T 自动 豪华型,东风风神AX7踩油门加速时发动机无动力,"A163,",2020-06-19,处理反馈
9,486177,一汽丰田,威驰FS,2017款 1.5L CVT 锋驰版,一汽丰田威驰FS正副驾车门有断裂现象,"H168,",2020-06-19,信息审核
10,486176,吉利汽车,星越,2019款 350T 耀星者,吉利星越车机卡顿 转向时存在异响,"D59,M279,",2020-06-19,信息审核
11,486170,广汽本田,飞度,2016款 1.5L LX CVT 舒适型,广汽本田飞度启动后存在打齿声音,"A9,",2020-06-19,信息审核
12,486166,吉利汽车,经典帝豪,2013款 1.5L 手动 进取型 三厢,吉利经典帝豪车身生锈 行驶时变速箱异响,"B33,H79,H220,",2020-06-19,信息审核
13,486165,长安汽车,长安CS75 PLUS,2020款 1.5T 自动 尊贵型,长安CS75 PLUS导航定位不准确发生偏移,"H21,",2020-06-19,厂家受理
14,486163,吉利汽车,星越,2019款 300T 耀星者,吉利星越方向左偏 车机黑屏并且死机,"G117,H155,M279,",2020-06-19,信息审核
15,486162,广汽丰田,汉兰达,2018款 2.0T 四驱 骑士版 7座 国VI,广汽丰田汉兰达升级的多媒体系统与宣传不符,"M279,",2020-06-19,信息审核
16,486154,奔驰（进口）,奔驰GLE,2018款 GLE 400 4MATIC 臻藏版,进口奔驰GLE车内异味希望厂家处理问题,"H185,",2020-06-19,信息审核
17,486151,长安汽车,长安CS75 PLUS,2020款 2.0T 自动 领航型,长安CS75 PLUS车载微信功能与宣传不符,"M279,",2020-06-19,厂家受理
18,486149,一汽-大众,探岳,2020款 330TSI 两驱 豪华智联版,一汽大众探岳变速箱异响燃油泵声音大,"B33,H78,",2020-06-19,处理反馈
19,486148,长安跨越,新豹T3,2018款 1.2L 舒适型 单排 后单轮 标准货箱,长安跨越新豹T3配件质量差要求退换车,"N317,",2020-06-19,处理反馈
20,486146,上汽大众,朗逸,2017款 1.6L 自动 舒适版,上汽大众朗逸刹车时前轮位置存在异响,"E43,",2020-06-19,信息审核
21,486145,比亚迪,比亚迪S7,2015款 2.0T 自动 豪华型,比亚迪S7换挡困难 变速箱抖动 模块压力不够,"B20,B95,B115,",2020-06-19,处理反馈
22,486144,吉利汽车,博越,2020款 1.8TD DCT 智尊PRO,吉利博越挡位指示灯与厂家宣传不符,"M279,",2020-06-19,信息审核
23,486143,上汽集团,名爵6,2017款 20T 自动 Trophy尊享互联网版 国V,上汽名爵6电瓶亏电希望尽快处理,"H146,",2020-06-19,厂家受理
24,486142,沃尔沃亚太,沃尔沃S60,2017款 2.0T T4 智远版,亚太沃尔沃S60高压油泵故障导致故障灯亮,"A34,H78,",2020-06-19,信息审核
25,486140,吉利汽车,博越,2016款 1.8TD 自动 两驱 智慧型,吉利博越四个轮毂发生不同程度氧化,"H243,",2020-06-19,信息审核
26,486136,东风日产,楼兰,2015款 2.5L 两驱 智尚版 XL,东风日产楼兰变速箱压力控制阀故障,"B84,",2020-06-19,处理反馈
27,486135,上汽大众,途安,2018款 途安L 280TSI DSG 舒适版 7座 国VI,上汽大众途安启停失灵自动驻车失灵故障灯亮,"E159,H170,",2020-06-19,信息审核
28,486133,上汽通用五菱,宝骏E100,2019款 250KM 智行版,宝骏E100车身掉漆 偶尔无法换挡,"B20,H81,",2020-06-19,信息审核
29,486131,长安马自达,马自达3 昂克赛拉,2016款 1.5L 自动 豪华型 三厢,长安马自达昂克赛拉中控屏大面积开裂,"H134,H168,",2020-06-19,信息审核
0,486128,一汽-大众奥迪,奥迪Q5,2016款 40 TFSI 进取型,一汽大众奥迪Q5车内异味召回后依然很大,"H185,Q323,",2020-06-19,信息审核
1,486127,吉利汽车,帝豪,2017款 1.5L 手动 向上互联版 三厢 百万款,吉利帝豪打方向盘时有异响一直未解决,"D59,",2020-06-19,信息审核
2,486125,一汽-大众,探岳,2019款 330TSI 两驱 豪华型 国Ⅵ,一汽大众探岳中控死机 赠送保养承诺不兑现,"H134,I295,L313,N317,",2020-06-19,处理反馈
3,486122,一汽-大众,宝来,2019款 改款 1.5L 手动 舒适型 国VI,一汽大众宝来天窗密封条损坏希望保修,"H48,",2020-06-19,处理反馈
4,486117,捷豹,捷豹F-PACE,2019款 2.0T 四驱 都市尊享版,捷豹F-PACE经销商销售维修过的问题车,"M284,",2020-06-19,用户评分
5,486115,一汽-大众奥迪,奥迪Q5,2010款 2.0TFSI  双离合 舒适型,一汽大众奥迪Q5变速箱功能失效无法挂挡,"B20,B96,",2020-06-19,信息审核
6,486113,一汽马自达,睿翼,2011款 2.0 自动 精英版,一汽马自达睿翼仪表台开裂发粘厂家未回复,"H176,",2020-06-19,信息审核
7,486112,广汽三菱,欧蓝德,2016款 2.4L 四驱精英版 5座,广汽三菱欧蓝德座椅生锈行驶时方向跑偏,"G117,H79,",2020-06-19,厂家受理
8,486109,众泰汽车,众泰T700,2017款 1.8T 双离合 尊贵型 贺岁版,众泰T700打方向沉重厂家无配件提供,"D156,D57,N318,",2020-06-19,信息审核
9,486106,北京奔驰,奔驰C级,2015款 200 L 运动型,北京奔驰C级4S店更换发动机未变更登记信息,"J299,",2020-06-19,信息审核
10,486105,北汽昌河,昌河Q35,2016款 1.5L 自动 炫酷版,北汽昌河Q35仪表显示安全气囊故障灯亮,"H103,",2020-06-19,信息审核
11,486101,东风标致,标致408,2015款 1.2T 自动 豪华版,东风标致408发动机故障灯报警希望处理,"A34,",2020-06-19,信息审核
12,486095,众泰汽车,众泰T700,2017款 1.8T 双离合 尊贵型,众泰T700门把手损坏前轴承损坏右后胎压失灵,"G125,H203,H233,",2020-06-19,信息审核
13,486092,北京现代,途胜,2015款 1.6T   双离合 两驱 智能型,北京现代途胜发动机烧机油希望尽快解决,"A63,",2020-06-19,信息审核
14,486089,东风雪铁龙,雪铁龙C6,2017款 380THP 尊贵型,东风雪铁龙C6 SOS灯常亮要求质保维修,"H170,",2020-06-19,处理反馈
15,486085,上汽斯柯达,昊锐,2012款 1.8TSI 自动 优雅版,斯柯达昊锐车内异味越来越严重影响健康,"H185,",2020-06-19,信息审核
16,486084,东风启辰,晨风,2014款 6.6KW 纯电动  领风版,启辰晨风动力电池衰减30%导致续航里程不足,"H343,",2020-06-19,信息审核
17,486083,领克汽车,领克01,2017款 2.0T 自动 两驱 型 Pro,领克01低速加速发动机异响 4S店无法解决,"A9,I295,",2020-06-19,处理反馈
18,486080,吉利汽车,嘉际,2019款 1.5TD MHEV DCT 臻享型,吉利嘉际连接蓝牙通话无声音 导航不予升级,"H21,H155,L313,",2020-06-19,处理反馈
19,486079,长安马自达,马自达3 昂克赛拉,2016款 2.0L 自动 旗舰型 三厢,长安马自达昂克赛拉中控屏脱胶开裂影响使用,"H134,",2020-06-19,处理反馈
20,486077,吉利汽车,远景,2018款 1.5L 自动 尊贵型,吉利远景经销商丢失钥匙和车辆合格证,"O353,O354,",2020-06-19,处理反馈
21,486071,上汽集团,名爵ZS,2017款 1.5L 手动 豪华版,上汽名爵ZS变速箱换挡顿挫 刹车片偏磨,"B19,E47,",2020-06-19,厂家受理
22,486068,广汽本田,雅阁,2016款 2.0L CVT  舒适版,广汽本田雅阁日间行车灯灯带有一半不亮,"H82,",2020-06-19,信息审核
23,486066,福特（进口）,探险者（进口）,2016款 2.3T 精英版,进口福特探险者刹车片脱落要求厂家解决,"E270,",2020-06-19,厂家受理
24,486065,广汽本田,雅阁,2016款 2.0L CVT  舒适版,广汽本田雅阁发动机故障灯亮希望解决,"A34,",2020-06-19,信息审核
25,486063,长安标致雪铁龙DS,DS5,2014款 1.6T 雅致版THP160,长安标致雪铁龙DS5冷车启动时发动机异响,"A9,",2020-06-19,信息审核
26,486062,吉利汽车,帝豪,2017款 1.5L 手动 向上版 三厢 百万款,吉利帝豪转向时存在异响要求厂家处理,"D59,",2020-06-19,处理反馈
27,486061,北京现代,朗动,2013款 1.6L 自动 尊贵型,北京现代朗动变速箱降挡顿挫一直未解决,"B19,I295,",2020-06-19,信息审核
28,486058,上汽集团,荣威RX5 MAX,2019款 400TGI 自动 智能座舱旗舰版,上汽荣威RX5 MAX怠速时发动机抖动,"A24,H211,",2020-06-19,信息审核
29,486057,众泰汽车,众泰T600,2014款 1.5T 手动 精英型,众泰T600节气门漏气导致行驶中加速无力,"A251,",2020-06-19,信息审核
0,486056,一汽-大众奥迪,奥迪Q3,2018款 30 TFSI 时尚型典藏版,一汽大众奥迪Q3发动机高压油泵异响,"A9,",2020-06-19,信息审核
1,486054,吉利汽车,博瑞,2017款 1.8T 旗舰4G型,吉利博瑞发动机缸盖漏油浸泡火花塞存在隐患,"A12,",2020-06-19,用户评分
2,486051,大众（进口）,高尔夫（进口）,2011款 1.4TSI DSG Cross Golf,进口大众高尔夫水泵故障水温过高且无报警,"A191,A221,",2020-06-19,信息审核
3,486049,一汽-大众,速腾,2018款 280TSI DSG熠动版,一汽大众速腾方向盘磨损脱皮存在质量问题,"H157,",2020-06-19,处理反馈
4,486048,吉利汽车,星越,2019款 350T 耀星者,吉利星越车机死机要求厂家更换硬件,"H155,M279,",2020-06-19,处理反馈
5,486047,江淮汽车,瑞风M3,2019款 宜家版 1.8L 豪华 智能型,江淮瑞风M3行驶时跑偏轮胎异常磨损,"G245,G117,I295,",2020-06-19,处理反馈
6,486044,吉利汽车,星越,2019款 350T 耀星者,吉利星越4S店销售人员故意隐瞒厂家增购补贴,"L313,",2020-06-19,用户评分
7,486040,长城汽车,哈弗H5,2016款 2.0T 四驱精英型 经典版,哈弗H5发动机怠速不稳 涡轮增压器漏油,"A163,A35,A189,",2020-06-19,用户评分
8,486039,奇瑞汽车,艾瑞泽5,2017款 1.5L 手动 时尚版,奇瑞艾瑞泽5空调漏氟 车载互联无网络,"H146,H155,",2020-06-19,处理反馈
9,486038,广汽丰田,凯美瑞,2019款 2.0G 豪华版 国VI,广汽丰田凯美瑞喷漆不匀且有生锈现象,"H79,H81,",2020-06-19,信息审核
10,486037,一汽-大众,速腾,2019款 200TSI DSG 舒适型 国VI,一汽大众速腾升降挡时变速箱异响,"B33,",2020-06-19,处理反馈
11,486034,上汽大众,途观L,2017款 330TSI 两驱 旗舰版,大众途观L行驶中提示变速箱进入紧急状态,"B96,B84,B77,",2020-06-19,信息审核
12,486031,广汽本田,雅阁,2018款 260TURBO 精英版 国VI,广汽本田雅阁座椅调节支撑锈蚀掉渣,"H79,",2020-06-19,信息审核
13,486030,猎豹汽车,Mattu,2018款 1.6T GDI DCT 尊贵型,猎豹Mattu变速箱无动力输出无法正常行驶,"B334,",2020-06-19,信息审核
14,486029,上汽大众,朗逸,2019款 朗逸启航 1.5L 手动 舒适版 国VI,上汽大众朗逸刹车异响4S店告知正常,"E43,",2020-06-19,信息审核
15,486027,一汽-大众,速腾,2018款 280TSI DSG熠动版,一汽大众速腾发动机异响 刹车踏板震动,"A9,D80,E111,",2020-06-19,处理反馈
16,486026,广汽丰田,凯美瑞,2009款 200G 自动 豪华版,广汽丰田凯美瑞中控仪表台腐蚀氧化掉皮,"H176,",2020-06-19,信息审核
17,486025,吉利汽车,嘉际,2019款 1.5TD MHEV DCT 尊享型,吉利嘉际氛围灯与宣传不符希望厂家处理,"M279,",2020-06-19,用户评分
18,486022,上汽通用五菱,宝骏310W,2017款 1.5L 手动 舒适型 国V,宝骏310W车辆自燃要求尽快处理问题,"H40,",2020-06-19,处理反馈
19,486017,东风标致,标致4008,2017款 380THP 豪华GT版,东风标致4008承诺不兑现升级车机后音响无声,"H134,L314,",2020-06-19,处理反馈
20,486016,一汽大众,捷达VS5,2019款 280TSI 自动 悦享型,捷达VS5前雨刮器导水槽漏水存在质量问题,"H109,",2020-06-19,信息审核
21,486013,一汽-大众,高尔夫,2018款 230TSI 自动 舒适型,一汽大众高尔夫发动机运转时高压油泵异响,"A9,",2020-06-19,处理反馈
22,486009,东风日产,逍客,2016款 2.0L CVT 精英版,东风日产逍客变速箱阀体故障无法加速,"B334,B84,",2020-06-19,处理反馈
23,486008,一汽-大众,宝来,2019款 1.5L 自动 时尚型,一汽大众宝来大灯进水胎压误报自动驻车故障,"H88,H170,H203,",2020-06-19,处理反馈
24,486002,广汽本田,雅阁,2018款 260TURBO 旗舰版 国V,广汽本田雅阁胎压监测误报警 车身异响,"H15,H155,H203,",2020-06-19,信息审核
25,486001,昌河铃木,北斗星X5,2015款 1.4L 巡航版,昌河铃木北斗星X5油表不准 转向时有异响,"D59,H93,H68,H202,H197,",2020-06-19,信息审核
26,485995,广汽本田,飞度,2016款 1.5L LX CVT 舒适型,广汽本田飞度发动机冷车启动异响要求解决,"A9,",2020-06-19,信息审核
27,485994,一汽-大众,速腾,2013款 2.0TSI GLI,一汽大众速腾发动机和变速箱漏油,"A12,B22,",2020-06-19,处理反馈
28,485988,众泰汽车,众泰Z500,2015款 1.5T 手动 尊贵型,众泰Z500质保期内出现的质量问题不予索赔,"I297,",2020-06-19,处理反馈
29,485987,众泰汽车,众泰SR9,2017款 2.0T 自动 极致之梦版,众泰SR9变速箱多次损坏要求退车,"B96,",2020-06-19,处理反馈
0,485980,奇瑞捷豹路虎,揽胜极光,2020款 249PS R-DYNAMIC SE 运动科技版,奇瑞捷豹路虎揽胜极光减震器中控台转向异响,"D59,G52,H93,",2020-06-19,处理反馈
1,485979,长安马自达,马自达3 昂克赛拉,2020款 2.0L 自动 质雅版,长安马自达昂克赛拉中网镀铬装饰条腐蚀掉漆,"H81,H168,",2020-06-19,用户评分
2,485976,长安马自达,马自达3 昂克赛拉,2016款 1.5L 自动 豪华型 三厢,长安马自达昂克赛拉中控屏幕有开裂现象,"H134,",2020-06-19,处理反馈
3,485975,吉利汽车,帝豪GS,2016款 1.8L 手动 领尚型 运动版,吉利帝豪GS分离轴承存在缺陷存在安全隐患,"C267,",2020-06-19,处理反馈
4,485972,吉利汽车,星越,2019款 改款 350T 耀星者,吉利星越车机死机与厂家未回复处理,"H155,I294,M279,",2020-06-19,处理反馈
5,485970,北京奔驰,奔驰C级,2020款 C 260 运动版,北京奔驰C级无钥匙进入失灵希望厂家处理,"H119,",2020-06-19,信息审核
6,485968,奇瑞瑞麒,瑞麒G6,2011款 2.0T 自动 豪华型,瑞麒G6高速行驶时变速箱油管爆裂,"B22,G56,N318,",2020-06-19,用户评分
7,485966,东风本田,本田CR-V,2019款 240TURBO CVT 两驱 舒适版 国V,东风本田CR-V经销商违规收取续保押金,"K307,",2020-06-19,处理反馈
8,485965,北京现代,领动,2019款 1.5L CVT 智炫・精英型,北京现代领动减震器无配件承诺解决未兑现,"I294,L314,N318,N320,",2020-06-19,信息审核
9,485959,广汽丰田,丰田C-HR,2020款 2.0L 领先版,广汽丰田C-HR未给发票导致无法上牌,"O353,",2020-06-19,信息审核
10,485956,猎豹汽车,猎豹CS10,2017款 2.0T 手动 卓越型,猎豹CS10天窗异响不断 刹车疲软,"E269,H89,",2020-06-19,信息审核
11,485954,东风本田,本田XR-V,2015款 1.8L EXi CVT 舒适版,东风本田XR-V购车至今车内一直存在异味,"H164,",2020-06-19,处理反馈
12,485953,一汽-大众,速腾,2018款 280TSI DSG熠动版,一汽大众速腾韩泰轮胎开裂并且鼓包,"F100,F39,",2020-06-19,处理反馈
13,485951,吉利汽车,缤瑞,2018款 14T CVT 缤纷版,吉利缤瑞发动机转速过高厂家未解决问题,"A35,J301,",2020-06-19,信息审核
14,485950,一汽-大众奥迪,奥迪A6L,2020款 40 TFSI 豪华动感型,一汽大众奥迪A6L刹车抱死转向故障灯亮,"A34,D57,D291,E29,M284,",2020-06-19,信息审核
15,485947,吉利汽车,远景,2017款 1.5L 自动 幸福版,吉利远景行驶中动力消失存在质量问题,"B334,",2020-06-19,处理反馈
16,485946,一汽丰田,RAV4荣放,2020款 2.0L CVT 两驱 都市版,一汽丰田RAV4荣放发动机舱有泥浆车架生锈,"H79,Q322,",2020-06-19,信息审核
17,485945,东南汽车,东南DX7,2016款 1.5T 手动 凯旋版,东南DX7空调开冷风出热风车身异响,"H101,H15,",2020-06-19,信息审核
18,485943,北京现代,领动,2016款 1.6L 自动 智炫・精英型,北京现代领动转向异响沉重卡滞希望处理,"D59,D123,D156,",2020-06-19,信息审核
19,485942,上汽大众,途观L,2017款 330TSI 两驱 豪华版,上汽大众途观L天窗排水堵塞导致车内进水,"H90,",2020-06-19,信息审核
20,485940,北京现代,途胜,2018款 1.6T 双离合 两驱 15周年特别版,北京现代途胜行驶中发动机故障灯亮,"A34,",2020-06-19,信息审核
21,485937,一汽-大众奥迪,奥迪A4L,2015款 2.0T CVT 标准型,一汽大众奥迪A4L节温器渗水售后不予质保,"A37,",2020-06-19,信息审核
22,485933,华晨中华,中华H330,2013款 1.5L 自动 豪华型,华晨中华H330左后轮轮毂破损希望尽快处理,"H243,",2020-06-19,信息审核
23,485931,吉利汽车,嘉际,2019款 1.5TD MHEV DCT 臻享型,吉利嘉际前部摄像头有拆装痕迹4S店不处理,"H170,I295,L313,M279,O353,",2020-06-19,处理反馈
24,485930,上汽大众,途观L,2019款 改款 330TSI 自动 两驱 智动豪华版 国VI,上汽大众途观L变速箱异响 转向时车轮异响,"B33,G125,",2020-06-19,处理反馈
25,485929,吉利汽车,缤越,2019款 260T DCT Battle 运动款 国V,吉利缤越天窗密封条多处老化破损天窗漏水,"H90,H48,",2020-06-19,处理反馈
26,485928,长安汽车,长安CS55,2017款 1.5T 自动 炫动型,长安CS55大灯内有水痕更换车灯未解决,"H88,",2020-06-19,处理反馈
27,485926,吉利汽车,星越,2019款 350T 耀星者,吉利星越车机系统升级后依然死机黑屏,"O348,",2020-06-19,处理反馈
28,485925,华晨宝马,宝马3系,2017款 330Li M 运动型,华晨宝马3系冷却液水管爆裂发动机温度高,"A37,A191,",2020-06-19,信息审核
29,485923,上汽大众,朗逸,2017款 230TSI 双离合 舒适版,上汽大众朗逸变速箱跳挡 发动机空转,"B27,",2020-06-19,用户评分
0,485922,上汽集团,荣威Ei5,2019款 智联旗舰版,上汽荣威Ei5充电慢且充电时自动断开,"H340,",2020-06-19,用户评分
1,485920,东南汽车,东南DX3,2018款 1.5L 手动 尊贵型,东南DX3排气管共振异响严重无法解决,"H268,",2020-06-19,用户评分
2,485919,广汽丰田,YARiS L 致炫,2018款 1.5E CVT 冠军限量版,广汽丰田致炫空调风向调节开关故障,"H101,",2020-06-19,信息审核
3,485918,吉利汽车,博瑞,2015款 1.8T 旗舰型,吉利博瑞影音系统出现黑屏厂家不给保修,"H134,I297,",2020-06-19,用户评分
4,485917,一汽-大众,速腾,2019款 200TSI DSG 舒适型 国VI,一汽大众速腾上坡辅助系统故障导致溜车,"H170,",2020-06-19,处理反馈
5,485916,广汽本田,冠道,2017款 240TURBO CVT 两驱 尊享版,广汽本田冠道4S店维修使用旧件要求解决	,"N316,",2020-06-19,信息审核
6,485915,一汽-大众,探岳,2020款 330TSI 两驱 豪华智联版,一汽大众探岳前大灯透镜污损发白亮度下降,"H82,",2020-06-19,处理反馈
7,485909,一汽-大众,高尔夫・嘉旅,2016款 230TSI 手动 进取型,一汽大众高尔夫嘉旅天窗漏水希望厂家解决,"H90,",2020-06-19,处理反馈
8,485907,上汽集团,名爵6,2018款 20T 自动 尊享互联网版 国VI,上汽名爵6四轮定位后吃胎 服务态度差,"I293,J300,J303,",2020-06-19,厂家受理
9,485905,奇瑞汽车,捷途X70,2020款 1.5T 手动 悦行版 5座,捷途X70挂挡异响 减震异响 发动机转速不稳,"A163,A35,B33,B20,G52,",2020-06-19,处理反馈
10,485904,长安马自达,马自达3 昂克赛拉,2016款 1.5L 自动 豪华型 三厢,长安马自达昂克赛拉中控屏无故开胶,"H168,",2020-06-19,用户评分
11,485903,华晨宝马,宝马5系,2019款 530Li 领先型 M运动套装,华晨宝马5系新车变速箱漏油多次维修未解决,"B22,J298,",2020-06-19,信息审核
12,485902,吉利汽车,帝豪GL,2017款 1.8L 手动 精英型,吉利帝豪GL离合器无法复位无法挂挡行驶,"C267,",2020-06-19,用户评分
13,485899,北京奔驰,奔驰C级,2019款 C 180 L 时尚型运动版,北京奔驰C级冷却液提示温度高要求解决,"A191,",2020-06-19,信息审核
14,485897,吉利汽车,博越,2018款 1.8TD 自动 两驱 智联型 4G互联版,吉利博越经销商出售问题车价格不透明,"K308,M284,",2020-06-19,处理反馈
15,485896,上汽通用五菱,宝骏310W,2017款 1.5L 手动 舒适型 国VI,宝骏310W发动机故障灯亮 熄火 大灯进水,"A339,A14,H88,",2020-06-19,处理反馈
16,485893,一汽-大众,探岳,2019款 330TSI 两驱 豪华型 国V,一汽大众探岳大灯发白 售后故意拖延,"H82,I282,",2020-06-18,处理反馈
17,485892,一汽-大众,探岳,2019款 330TSI 两驱 尊贵型 国V,一汽大众探岳大灯亮度严重不足影响安全,"H82,",2020-06-18,处理反馈
18,485891,一汽-大众奥迪,奥迪A6L,2020款 45 TFSI 臻选致雅型,一汽大众奥迪A6L行驶时发动机抖动熄火,"A24,A14,",2020-06-18,信息审核
19,485890,长安马自达,马自达3 昂克赛拉,2016款 1.5L 自动 豪华型 三厢,长安马自达昂克赛拉中控显示屏脱胶开裂,"H134,",2020-06-18,处理反馈
20,485883,吉利汽车,博越,2020款 1.8TD DCT 智领PRO,吉利博越挡杆处没有指示灯涉嫌虚假宣传,"M279,",2020-06-18,信息审核
21,485882,东风日产,逍客,2017款 2.0L CVT 精英版 国V,东风日产逍客车灯变暗行驶时变速箱顿挫,"B19,H82,",2020-06-18,处理反馈
22,485881,上汽集团,荣威350,2014款 1.5L 自动 迅达版 350S,上汽荣威350购车后车内一直有浓重的异味,"H185,",2020-06-18,处理反馈
23,485880,北京现代,途胜,2015款 1.6T   双离合 两驱 智能型,北京现代途胜空调压缩机频繁启停中控异响,"H101,H93,",2020-06-18,信息审核
24,485878,吉利汽车,嘉际,2019款 1.5TD MHEV DCT 尊享型,吉利嘉际转向机漏油备胎异常磨损车身异响,"D58,H72,H15,H157,",2020-06-18,处理反馈
25,485877,长安汽车,长安CS95,2017款 2.0T 两驱 智拓版,长安CS95踩刹车后异响声音大要求索赔,"E43,",2020-06-18,处理反馈
26,485875,北京奔驰,奔驰GLC,2018款 GLC 260 4MATIC 动感型 改款,北京奔驰GLC轮毂氧化起皮要求更换,"H243,",2020-06-18,信息审核
27,485872,广汽本田,雅阁,2015款 2.0L LXS 精英版,广汽本田雅阁变速箱异响高速行驶顿挫,"B33,B19,",2020-06-18,信息审核
28,485871,北京现代,领动,2016款 1.6L 自动 智炫・精英型,北京现代领动跑高速时缦址较蚩ㄖ,"D123,",2020-06-18,信息审核
29,485865,吉利汽车,博越,2020款 1.8TD DCT 智领PRO,吉利博越行驶过程中变速箱明显顿挫,"B19,",2020-06-18,处理反馈
0,485863,东风标致,标致408,2016款 1.6T 自动 豪华版,东风标致408水泵损坏导致发动机异响,"A9,A221,",2020-06-18,用户评分
1,485862,长安马自达,马自达3 昂克赛拉,2020款 2.0L 自动 质雅版,马自达昂克赛拉行使中显示超音传感器故障,"B19,B95,H234,",2020-06-18,处理反馈
2,485854,北京奔驰,奔驰C级,2020款 改款 C 260 运动版,北京奔驰C级怠速不稳定变速箱换挡迟滞,"A35,B19,",2020-06-18,信息审核
3,485851,长安马自达,马自达3 昂克赛拉,2016款 1.5L 自动 舒适型 三厢,长安马自达昂克赛拉仪表盘掉漆座椅掉皮,"H168,H169,",2020-06-18,处理反馈
4,485843,东风日产,逍客,2017款 2.0L CVT 智享版 国V,东风日产逍客转向异响希望厂家处理,"D59,",2020-06-18,处理反馈
5,485830,吉利汽车,博瑞,2015款 1.8T 旗舰型,吉利博瑞方向盘卡死 助力系统故障,"A255,D123,D112,",2020-06-18,处理反馈
6,485828,长安汽车,长安UNI-T,2020款 1.5T 尊贵型,长安UNI-T车机没有反应音量自动增大,"H134,",2020-06-18,处理反馈
7,485825,吉利汽车,帝豪GL,2018款 1.4T 自动 精英智联型,吉利帝豪GL中控台异响多次处理无效,"B19,H93,H89,",2020-06-18,处理反馈
8,485823,广汽本田,缤智,2015款 1.5L CVT 两驱舒适型,广汽本田缤智冷车启动发动机异响,"A9,",2020-06-18,信息审核
9,485821,东风标致,标致5008,2017款 380THP 精英版 7座,东风标致5008方向盘与刹车行驶途中异响,"D59,E43,",2020-06-18,处理反馈
10,485819,一汽丰田,亚洲龙,2019款 双擎 2.5L XLE 尊贵版 国Ⅵ,一汽丰田亚洲龙天窗异响严重希望解决,"H89,",2020-06-18,信息审核
11,485817,东风本田,本田CR-V,2018款 1.5T CVT 两驱 舒适版,东风本田CR-V优科豪马轮胎开裂掉皮,"F100,F186,",2020-06-18,处理反馈
12,485812,上汽大众,Polo,2018款 1.5L 自动 安享型,上汽大众Polo车内异味严重无法忍受	,"H185,",2020-06-18,信息审核
13,485811,东风标致,标致508,2015款 1.8THP 自动 致臻版,东风标致508厂家召回进气歧管不合理,"Q323,",2020-06-18,处理反馈
14,485809,东风雪铁龙,雪铁龙C4L,2015款 1.8L 手动 领先版,东风雪铁龙C4L发动机烧机油希望处理,"A63,",2020-06-18,处理反馈
15,485805,东风雪铁龙,雪铁龙C4L,2014款 1.8L 手动 智驱版 劲智型,东风雪铁龙C4L汽油泵故障无法启动,"H78,",2020-06-18,用户评分
16,485802,一汽马自达,阿特兹,2020款 2.5L 蓝天尊崇版,一汽马自达阿特兹中控屏卡死行驶时B柱异响,"H134,H15,",2020-06-18,处理反馈
17,485800,一汽-大众奥迪,奥迪Q5,2012款 2.0TFSI  自动 舒适型,一汽大众奥迪Q5变速箱故障灯亮厂家不保修,"B96,I297,",2020-06-18,信息审核
18,485798,一汽马自达,马自达CX-4,2020款 2.5L 自动 四驱 蓝天激情版,一汽马自达CX-4高速行驶中突然熄火,"A14,A44,",2020-06-18,信息审核
19,485794,北京现代,途胜,2015款 1.6T   双离合 两驱 智能型,北京现代途胜加速时变速箱异响严重,"B33,",2020-06-18,信息审核
20,485793,东风本田,INSPIRE,2019款 锐・混动 2.0L 净雅版 国VI,东风本田INSPIRE悬挂部件锈蚀严重,"H79,",2020-06-18,处理反馈
21,485792,东风标致,标致408,2015款 1.2T 自动 豪华版,东风标致408空调压缩机漏油不制冷,"H101,",2020-06-18,处理反馈
22,485790,一汽丰田,RAV4荣放,2016款 2.0L CVT 两驱 风尚版 国V,一汽丰田RAV4荣放发动机漏油质量差,"A12,",2020-06-18,信息审核
23,485787,上汽斯柯达,柯迪亚克,2019款 TSI380 四驱 旗舰版 7座 国V,斯柯达柯迪亚克方向盘 刹车 油门全部失灵,"A174,D57,E29,",2020-06-18,信息审核
24,485785,长安马自达,马自达CX-5,2020款 2.0L 自动 两驱 智尊型,长安马自达CX-5安全带损伤希望厂家处理,"H118,",2020-06-18,处理反馈
25,485784,一汽-大众,迈腾,2017款 330TSI DSG 豪华型,一汽大众迈腾底盘异响希望尽快处理,"G56,",2020-06-18,处理反馈
26,485782,一汽马自达,阿特兹,2020款 2.0L 蓝天豪华版,一汽马自达阿特兹行驶过程中车内有异响,"H15,H89,",2020-06-18,用户评分
27,485781,一汽马自达,马自达CX-4,2020款 2.0L 自动 两驱 蓝天活力版,一汽马自达CX-4车身异响希望尽快处理,"H15,",2020-06-18,用户评分
28,485778,一汽-大众奥迪,奥迪A6L,2019款 40 TFSI 豪华动感型,一汽大众奥迪A6L行驶中变速箱内部螺丝断裂,"B77,",2020-06-18,信息审核
29,485776,吉利汽车,星越,2019款 350T 耀星者,吉利星越车机系统更新后卡顿 影像不清晰,"H134,H155,O348,",2020-06-18,用户评分
0,485773,吉利汽车,博越,2018款 1.8TD 自动 两驱 智尊型 4G互联版,吉利博越升级后Carplay消失4S店无升级包,"J300,O348,",2020-06-18,处理反馈
1,485771,吉利汽车,缤越,2019款 运动款 260T DCT Battle 国VI 运动款,吉利缤越中控异响 车机系统无法升级,"H93,L314,",2020-06-18,处理反馈
2,485770,一汽丰田,RAV4荣放,2019款 2.0L CVT 两驱 先锋版 国VI,一汽丰田RAV4荣放经销商不让报废车辆,"K325,",2020-06-18,信息审核
3,485768,上汽大众,朗逸,2017款 1.6L 手动 风尚版,上汽大众朗逸韩泰轮胎老化 排气管生锈,"F100,H30,",2020-06-18,信息审核
4,485767,东风风行,景逸X6,2017款 1.5T 手动 尊贵型 劲享系列,东风风行景逸X6方向偏右 安全气囊故障,"A24,D154,H103,",2020-06-18,处理反馈
5,485766,上汽通用五菱,五菱荣光小卡,2019款 1.5L 基本型 双排 L3C 国VI,上汽通用五菱荣光小卡漆面生锈掉漆,"H79,H81,",2020-06-18,处理反馈
6,485765,广汽本田,缤智,2017款 1.5L CVT 两驱 舒适型,广汽本田缤智低速踩油门抖动无动力输出,"B95,B334,",2020-06-18,信息审核
7,485759,北京现代,领动,2018款 1.6L 自动 15周年特别版,北京现代领动转向异响存在质量问题,"D59,",2020-06-18,信息审核
8,485756,一汽-大众,宝来,2017款 1.6L 手动 舒适型,一汽大众宝来后排座椅骨架严重生锈,"H79,",2020-06-18,处理反馈
9,485750,吉利汽车,嘉际,2019款 1.5TD MHEV DCT 耀享型,吉利嘉际备胎异常磨损 转向机漏油 内饰异响,"D58,H93,H68,H157,",2020-06-18,处理反馈
10,485749,北汽新能源,北汽新能源EU5,2018款 EU5 R500 智尚版,北汽新能源EU5喷漆质量差漆面鼓泡,"J303,",2020-06-18,用户评分
11,485748,一汽马自达,阿特兹,2020款 2.5L 蓝天运动版,一汽马自达阿特兹车身B柱中控和天窗异响,"H93,H15,H89,",2020-06-18,处理反馈
12,485747,吉利汽车,星越,2019款 改款 350T 耀星者,吉利星越氛围灯与宣传不符希望厂家处理问题,"M279,",2020-06-18,用户评分
13,485743,长安马自达,马自达3 昂克赛拉,2020款 2.0L 自动 质雅版,长安马自达昂克赛拉车门 顶棚 中控 刹车异响,"E43,H72,H93,H15,",2020-06-18,处理反馈
14,485742,上汽大众,朗逸,2019款 1.5L 自动 舒适版 国VI,上汽大众朗逸新车方向盘有破损的现象,"H168,",2020-06-18,信息审核
15,485740,上汽集团,名爵6,2018款 20T 自动 豪华智联版 国VI,上汽名爵6变速箱异响解决方案不认可,"B33,I295,I293,",2020-06-18,用户评分
16,485739,上汽通用五菱,五菱宏光,2014款 1.5L S 豪华型,上汽通用五菱宏光车门严重生锈要求处理,"H79,",2020-06-18,处理反馈
17,485737,一汽丰田,RAV4荣放,2020款 2.0L CVT 两驱 风尚版,一汽丰田RAV4荣放中控显示屏太大 像素太低,"H134,Q322,",2020-06-18,信息审核
18,485736,华晨中华,中华V3,2016款 1.5L 自动 智能型,华晨中华V3车门锁故障希望厂家处理,"H197,",2020-06-18,信息审核
19,485735,一汽马自达,阿特兹,2020款 2.0L 蓝天豪华版,一汽马自达阿特兹中控台异响 B柱异响,"H93,H15,",2020-06-18,用户评分
20,485733,吉利汽车,星越,2019款 350T 耀星者,吉利星越车机与宣传不符 销售人员不回信息,"I295,M279,",2020-06-18,用户评分
21,485732,奇瑞汽车,捷途X90,2019款 1.5T 自动 尊享型 6座 国V,奇瑞捷途X90导航无法更新 钥匙手环不索赔,"H21,H119,I295,I297,I294,",2020-06-18,处理反馈
22,485728,吉利汽车,星越,2019款 改款 300T 耀星者,吉利星越车机与厂商宣传不符要求升级,"M279,",2020-06-18,处理反馈
23,485725,吉利汽车,博越,2020款 1.8TD DCT 智尊PRO,吉利博越挡位灯和影音系统功能与宣传不符,"H134,M279,",2020-06-18,用户评分
24,485723,江淮汽车,嘉悦A5,2020款 1.5T CVT 超越型,江淮嘉悦A5发动机怠速转速高加速无力,"A163,A35,",2020-06-18,处理反馈
25,485722,长安马自达,马自达3 昂克赛拉,2020款 2.0L 自动 质雅版,长安马自达昂克赛拉转动方向盘时存在异响,"D59,",2020-06-18,处理反馈
26,485721,一汽马自达,马自达CX-4,2020款 2.0L 自动 两驱 蓝天活力版,一汽马自达CX-4车身多处异响厂家无法处理,"H15,I295,",2020-06-18,用户评分
27,485719,广汽菲克Jeep,大指挥官,2018款 2.0T 四驱 悦享版 国VI,广汽菲克Jeep大指挥官车辆减速时底盘异响,"G56,I295,J301,",2020-06-18,信息审核
28,485717,华晨宝马,宝马3系,2019款 320Li M运动曜夜版,华晨宝马3系后备箱处散发出刺鼻的异味,"H185,",2020-06-18,信息审核
29,485716,长城汽车,炮,2019款 2.0T 商用版 手动 两驱 精英型 长箱 GW4D20M 柴油,长城炮空调不制冷 售后维修无配件,"H101,N318,",2020-06-18,处理反馈
